images,url,image_urls,title
"[{'url': 'http://i.imgur.com/MkMavA7.jpg?1', 'path': 'full/4ff02bbd3bd1eac0efddb0aab1595237bd9e5b28.jpg', 'checksum': 'ea8d480c0d9b428a79960f5a77fff1b5'}]",http://i.imgur.com/MkMavA7.jpg?1,http://i.imgur.com/MkMavA7.jpg?1,CARRIE FISHER HIT BY A WAVE - 1980'STIMESTOGO
"[{'url': 'http://i.imgur.com/6QWIPQm.jpg', 'path': 'full/c4fbfb67f7c655317817bd3b0c274d3c77cee446.jpg', 'checksum': 'f3b4233bb3e59f565c990d98734e7d46'}]",http://i.imgur.com/6QWIPQm.jpg,http://i.imgur.com/6QWIPQm.jpg,EARTH PORN MEETS SPACE PORN.JERLING66
"[{'url': 'http://i.imgur.com/E1QbfEE.jpg', 'path': 'full/c106d636d9144a7fa7843919aa62c35bc2ae0cb7.jpg', 'checksum': 'a4a69c2c549c6e96c10e74e9c964a9ad'}]",http://i.imgur.com/E1QbfEE.jpg,http://i.imgur.com/E1QbfEE.jpg,GIVES ME THE CHILLSPERRYPHD
"[{'url': 'http://i.imgur.com/rKFbGZj.jpg', 'path': 'full/c302963ca348b77f376b010b430ded5ffc296620.jpg', 'checksum': '99ffe0741fa5aaec30aa4040ad2fb6f4'}]",http://i.imgur.com/rKFbGZj.jpg,http://i.imgur.com/rKFbGZj.jpg,IF PIGEONS HAD EYES IN FRONTTIMMMORRIS
"[{'url': 'http://i.imgur.com/NjuYJ6a.jpg', 'path': 'full/3a9d2be87297efc87325f49539b4771126156b52.jpg', 'checksum': 'd4439dbbb77bf275edabcda1cf7e8af3'}]",http://i.imgur.com/NjuYJ6a.jpg,http://i.imgur.com/NjuYJ6a.jpg,PEOPLE PERISH... THEIR LEGACY DOESN'T...SID_00
"[{'url': 'http://i.imgur.com/DCYxvFE.jpg', 'path': 'full/ec2fcf7b7bed514f29e5cd6ded0b8e6d84b4fa72.jpg', 'checksum': '616bb8d50b31e00b9af23340592e58fc'}]",http://i.imgur.com/DCYxvFE.jpg,http://i.imgur.com/DCYxvFE.jpg,TARGET ACQUIREDNELSONCAREY
"[{'url': 'http://i.imgur.com/M7HmOic.jpg', 'path': 'full/15132ca22e403bb781774508fc8abdeae0f150a6.jpg', 'checksum': 'a3960d5a690fc5259d76aade2104708c'}]",http://i.imgur.com/M7HmOic.jpg,http://i.imgur.com/M7HmOic.jpg,SHADOW ALIGNMENTSTARK9999
"[{'url': 'http://i.imgur.com/96pjBKC.jpg', 'path': 'full/1845eccfe6f98664bc8300cde222957ab0865a86.jpg', 'checksum': 'a7f58f51cd055af9048c56e4490baef4'}]",http://i.imgur.com/96pjBKC.jpg,http://i.imgur.com/96pjBKC.jpg,I CAUGHT A COOL MOMENT WHILE LOOKING THROUGH A TRAINNUCKINGFUTS73
"[{'url': 'http://i.imgur.com/PwtBTp9.jpg', 'path': 'full/c309ad34bccde01360a0607be8f51b94ad5a51ed.jpg', 'checksum': '0ece0347f461af2129c17623b1a75d59'}]",http://i.imgur.com/PwtBTp9.jpg,http://i.imgur.com/PwtBTp9.jpg,THE PAINTED DESERT - NORTHERN ARIZONALETHRWAWY
"[{'url': 'http://i.imgur.com/oYx9Jl2.jpg', 'path': 'full/43735c1bc9e07859469fb7bfa131175be288f0b6.jpg', 'checksum': 'afa7528b7aabea6a7e859232b1ffe10c'}]",http://i.imgur.com/oYx9Jl2.jpg,http://i.imgur.com/oYx9Jl2.jpg,SHADOW OF WINDMILLMAYANKKAIZEN
"[{'url': 'http://i.imgur.com/c84bLbA.jpg', 'path': 'full/7c0426b595ad48d3522415de42d401f5707af544.jpg', 'checksum': '462373f30c7e2fc7e919a085477761d2'}]",http://i.imgur.com/c84bLbA.jpg,http://i.imgur.com/c84bLbA.jpg,TUNDRA WAS PRETTY HAPPY ABOUT BEING ADOPTED. (XPOST R/DAMNTHATSBEAUTIFUL)SHINEONCRAZYDIAMONDS
"[{'url': 'http://i.imgur.com/tnZsusB.jpg', 'path': 'full/bd5246b932cee6bfc1db959798bc44eedb9e1923.jpg', 'checksum': '4d47c152e4369e50525ce8635a5a94f1'}]",http://i.imgur.com/tnZsusB.jpg,http://i.imgur.com/tnZsusB.jpg,YOU NEVER KNOW WHEN A FROG FAMILY IS WATCHING YOU.TYMALMCBURN
,http://imgur.com/a/NXpWP#RLzEmnS,http://imgur.com/a/NXpWP#RLzEmnS,ABANDONED SUMMER CAMPETHAN_KAHN
,http://imgur.com/8PLY329,http://imgur.com/8PLY329,"THE CREW OF APOLLO 1 PRACTISING THEIR WATER LANDING IN 1966. UNFORTUNATELY, ALL OF THEM WERE KILLED ON THE LAUNCH PAD IN A FIRE.APPATHEFLYINGBISON_"
"[{'url': 'http://i.imgur.com/vNAcnfW.jpg', 'path': 'full/f7e96a5ede11af42ec3e81d746c712ba078420e6.jpg', 'checksum': '3daab28452957c27235c19284a0f7171'}]",http://i.imgur.com/vNAcnfW.jpg,http://i.imgur.com/vNAcnfW.jpg,"RARE, ALBINO UPS TRUCKJASONLIAM"
"[{'url': 'http://i.imgur.com/tflE1ci.jpg', 'path': 'full/1d929e3332cd4914c0373c47a741ec62bba027c4.jpg', 'checksum': '8e9c5565059c712effa6ff8b406367ac'}]",http://i.imgur.com/tflE1ci.jpg,http://i.imgur.com/tflE1ci.jpg,PARIS FROM ABOVEBUNYIPPOUCH
,http://imgur.com/zkJ01Pp,http://imgur.com/zkJ01Pp,3D PRINTED THIS DOGGO TO MY LATTE. THE FUTURE IS HEREWILLPUTRA
,http://imgur.com/gallery/QOY0K,http://imgur.com/gallery/QOY0K,FLIGHT TO CANCUN WAS DELAYED AFTER 3 HOURS FOR PLANE ISSUES. EVERYONE IS PISSED. THIS GUY JUST GETS ON THE FLOOR AND PLAYS CARS WITH HIS SON. I CAN'T BE MAD ANYMORE.ICPIF
,http://imgur.com/0RyyMcE,http://imgur.com/0RyyMcE,LOOKS LIKE THE MOST EPIC BATTLE OF GOOD AND EVIL IS ABOUT TO GO DOWN OVER LONDON.POZA
,https://www.flickr.com/photos/fibia/34721452963,https://www.flickr.com/photos/fibia/34721452963,ROME BY NIGHTKC8
,http://imgur.com/9VfrTHK,http://imgur.com/9VfrTHK,EXTREMELY PHOTOGENIC MUSHROOMALLJAY_EVERYJAY
"[{'url': 'https://i.imgur.com/9FP3qFh.jpg', 'path': 'full/4dfe9322d1b818f11029e071dea85c212cd4051b.jpg', 'checksum': 'b1447f29258fbff263360ed938f54ee3'}]",https://i.imgur.com/9FP3qFh.jpg,https://i.imgur.com/9FP3qFh.jpg,THIS MUSEUM IN ITALY IS BUILT INSIDE A MOUNTAINEVERY_FORM
"[{'url': 'https://images.fineartamerica.com/images/artworkimages/mediumlarge/1/the-three-amigos-kent-keller.jpg', 'path': 'full/5205d71f61490fdc7170ed89e7915dd8d73308e8.jpg', 'checksum': '2a73d22b6b37679d2283282b7663843e'}]",https://images.fineartamerica.com/images/artworkimages/mediumlarge/1/the-three-amigos-kent-keller.jpg,https://images.fineartamerica.com/images/artworkimages/mediumlarge/1/the-three-amigos-kent-keller.jpg,"UNITED STATES OF AMERICA: ""BACHELOR STALLIONS - GREAT BASIN DESERT, UTAH,"" WRITES PHOTOGRAPHER KENT KELLER.TROT-TROT"
"[{'url': 'https://pbs.twimg.com/media/DDDnApDXkAA2oaO.jpg', 'path': 'full/fc5662d954982b597ca43cc251fcfc39623e88c4.jpg', 'checksum': 'a0e4dbd5241d8a550ae402b7e6b52cdd'}]",https://pbs.twimg.com/media/DDDnApDXkAA2oaO.jpg,https://pbs.twimg.com/media/DDDnApDXkAA2oaO.jpg,THIS GORILLA LOOKS LIKE HE WANTS PICTURES OF SPIDER-MAN ON HIS DESK BY NOONBREAKINGGARRICK
"[{'url': 'https://i.imgur.com/VyWleMm.jpg', 'path': 'full/0c9ac1891d724fd798d3473c045b0773fa9315c6.jpg', 'checksum': '677f06df8760df245ec08192546cbabb'}]",https://i.imgur.com/VyWleMm.jpg,https://i.imgur.com/VyWleMm.jpg,WHEN YOUR CHESS SET IS DESIGNED BY ARCHITECTS1337Z0RD
"[{'url': 'https://i.imgur.com/tuzNcye.jpg', 'path': 'full/59efa3ccd21d5f7664f96cb760d3f7447f69d7b8.jpg', 'checksum': 'e9115a0a499952a1141e145daed0f031'}]",https://i.imgur.com/tuzNcye.jpg,https://i.imgur.com/tuzNcye.jpg,"HEAVEN'S GATE MOUNTAIN IN ZHANGJIAJIE, CHINAJOHNTHEGENIUS43"
,http://imgur.com/lQ0Otoi.jpg,http://imgur.com/lQ0Otoi.jpg,THE MOST INTERESTING GORILLA IN THE WORLDCHIBOLAMOO
"[{'url': 'https://i.imgur.com/ch9wyF8.jpg', 'path': 'full/61b17a35ac01d795fd06eb576dcac29539197383.jpg', 'checksum': '11dfa1b3117a95032571bf287d01521f'}]",https://i.imgur.com/ch9wyF8.jpg,https://i.imgur.com/ch9wyF8.jpg,REFLECTIONBLOODYLIPSERVICE
,http://imgur.com/gallery/O0tJh,http://imgur.com/gallery/O0tJh,APOLLO 16 ASTRONAUT CHARLES DUKE LEFT THIS FAMILY PHOTO BEHIND ON THE MOON IN 1972.APPATHEFLYINGBISON_
"[{'url': 'https://i.imgur.com/v6Ke6dX.jpg', 'path': 'full/60b54e93757cd0e7462eecf34ccaebbefa403481.jpg', 'checksum': '2b4bb36df3ee77e848fd331ede564703'}]",https://i.imgur.com/v6Ke6dX.jpg,https://i.imgur.com/v6Ke6dX.jpg,THIS GIVES ME A STRONG DICTATOR VIBE (XPOST R/EVILBUILDINGS)EVERY_FORM
,http://imgur.com/nWStsYv,http://imgur.com/nWStsYv,GERMAN CHURCH SHOWING SUPPORT FOR LGBTSOCKRATTE
,https://www.flickr.com/photos/shimmeringenergy/35533905595/sizes/h/,https://www.flickr.com/photos/shimmeringenergy/35533905595/sizes/h/,"""THIS ADORABLE CHICK TRIED UNSUCCESSFULLY TO EAT THIS FISH CAUGHT BY A VERY PROUD DAD,"" WRITES PHOTOGRAPHER SHIMMERINGENERGY.TROT-TROT"
"[{'url': 'http://i.imgur.com/EPgHgqv.jpg', 'path': 'full/b27f98a1252f0ffa0aaed79fe3f59add382c2347.jpg', 'checksum': '69f35aaa23870dee5c3ed85aebad4543'}]",http://i.imgur.com/EPgHgqv.jpg,http://i.imgur.com/EPgHgqv.jpg,A SET OF CHESS MADE OUT OF BULLETSROOTJADEN
"[{'url': 'http://i.imgur.com/lmlzW82.jpg', 'path': 'full/5fc9cfd9a0b7e8061306e1797f768c4ac7a1872c.jpg', 'checksum': '97d273b327eada0d83b106e1f7970ef7'}]",http://i.imgur.com/lmlzW82.jpg,http://i.imgur.com/lmlzW82.jpg,THIS IS WHAT YOU CAN GET FOR $7 IN TUNISIAMARK_DAWSOM
"[{'url': 'http://i.imgur.com/Yqqk8nK.jpg', 'path': 'full/0a12e992378c0f6689fd127b73a3f87ec18a64cc.jpg', 'checksum': 'a3396628050b5073ca02d0195fb50d38'}]",http://i.imgur.com/Yqqk8nK.jpg,http://i.imgur.com/Yqqk8nK.jpg,GLOBE MAKERDARKTUB
"[{'url': 'https://upload.wikimedia.org/wikipedia/commons/d/dc/Artichaut2.jpg', 'path': 'full/933a12157065e9824a9b48c531029676aa10b0a1.jpg', 'checksum': 'ce5f97c02ae878d585b96b8d2f30fd43'}]",https://upload.wikimedia.org/wikipedia/commons/d/dc/Artichaut2.jpg,https://upload.wikimedia.org/wikipedia/commons/d/dc/Artichaut2.jpg,THIS ARTICHOKE DIDN'T GET PICKEDLOLALOR
,https://imgur.com/i3jVBjo,https://imgur.com/i3jVBjo,"BRIDE'S CUSTOM BOUQUET. SONIC SCREWDRIVER HANDLE, AND FLOWERS MADE FROM PAGES OF HP2 CHAMBER OF SECRETSGET-OFF-MY-WAVE"
,https://www.flickr.com/photos/cudennecjf/35542674265/in/photostream/lightbox/,https://www.flickr.com/photos/cudennecjf/35542674265/in/photostream/lightbox/,I HOPE NONE OF YOU HAVE ARACHNOPHOBIA :)GIFOU
,http://imgur.com/fgRQ5E0,http://imgur.com/fgRQ5E0,"MY GRAMMA'S DOG, OBI.KAMENMYPANTS"
"[{'url': 'http://i.imgur.com/qsAzoGC.jpg', 'path': 'full/83aecb07c7226ce8ff9ca7d7633303a21924c3b3.jpg', 'checksum': 'b2373567a5cbd96f26bd4a320eb49de7'}]",http://i.imgur.com/qsAzoGC.jpg,http://i.imgur.com/qsAzoGC.jpg,SURREAL LANDSCAPE - FALSE COLOR DIGITAL IR [OC]LIFECEPTION
,http://imgur.com/qf4GPJ6,http://imgur.com/qf4GPJ6,HAD TO STOP AND TAKE A PIC WHILE HIKING ALONG THE PCTBUCKFEVER626
"[{'url': 'http://i.imgur.com/H6r5ST8.jpg', 'path': 'full/f29fb69199a7bf13e55365a4c48e14d658f40305.jpg', 'checksum': 'c8d4b26969e2f3167aeb7cd89f31def0'}]",http://i.imgur.com/H6r5ST8.jpg,http://i.imgur.com/H6r5ST8.jpg,THE ISLE OF SKYE IN SCOTLAND OFTEN HAS OTHERWORLDLY VIEWS.9315808
"[{'url': 'https://i.imgur.com/wnEN81N.jpg', 'path': 'full/f3825945458090999f6444887bd7e4d32f4c639b.jpg', 'checksum': '2277be2d685a7ecb9583b3eada4b66a0'}]",https://i.imgur.com/wnEN81N.jpg,https://i.imgur.com/wnEN81N.jpg,"26TH OF JUNE 1997, A BOOK ABOUT A BOY WIZARD WAS FIRST PUBLISHED, AND THE WORLD CHANGED FOREVER. HAPPY 20TH TO HARRY POTTER!PM_MAGA_TITS"
,http://imgur.com/bkQx5ne,http://imgur.com/bkQx5ne,MY MOM'S ENTRY FOR A QUILT SHOW THIS SPRING. SHE'S AMAZING. CLOSE UP IN COMMENTS.CRAZYKENTUCKY
,https://imgur.com/ewVMe4S,https://imgur.com/ewVMe4S,DOUBLE RAINBOWRARKMEECE
,http://imgur.com/3wuYqvk,http://imgur.com/3wuYqvk,EARLY 1900'S STONERKILLACALI24
"[{'url': 'http://i.imgur.com/rBhMBUK.png', 'path': 'full/3bd3a21c157217f3325d5624f023f699d550bb0c.jpg', 'checksum': 'e2886334cff35d94ddfdf3d1bb1dac86'}]",http://i.imgur.com/rBhMBUK.png,http://i.imgur.com/rBhMBUK.png,AND SO THE FOX FELL IN LOVE WITH THE HOUNDSHINEONCRAZYDIAMONDS
,http://imgur.com/47OE48o,http://imgur.com/47OE48o,GOOFY CATYOURMAMKA5
,http://imgur.com/gallery/pQfjl,http://imgur.com/gallery/pQfjl,"SEA HORSE, CHECKS FOR THE TIME ON A DIVER'S WATCH.HALLYND"
"[{'url': 'http://i.imgur.com/hxWmfR4.jpg', 'path': 'full/f3e29b47ebd1dac9a330abbcb829749a02c07f52.jpg', 'checksum': '4c1b49262cd2226d7aeb054bbee519c9'}]",http://i.imgur.com/hxWmfR4.jpg,http://i.imgur.com/hxWmfR4.jpg,SPOTLIGHTIAM4REAL
"[{'url': 'http://i.imgur.com/mmwRJCv.jpg', 'path': 'full/6d2513c75cbc50841b2415c89c1af0d128b5a98a.jpg', 'checksum': '6afeb0affba479b875e5414e056c865a'}]",http://i.imgur.com/mmwRJCv.jpg,http://i.imgur.com/mmwRJCv.jpg,SUNSET AT TSAWWASSEN TERMINALALMAN99
,https://imgur.com/gallery/0Z3Jw,https://imgur.com/gallery/0Z3Jw,"PHOTOS OF THE DAMAGED AIRASIA X ENGINE THAT SHOOK THE PLANE ""LIKE A WASHING MACHINE"" AND HAD EVERYONE PRAYING TODAYITSMIKESKI"
,https://imgur.com/ASs7QWd,https://imgur.com/ASs7QWd,SUCCULENTEPICPANDEMIC916
,https://imgur.com/9VnXJdz,https://imgur.com/9VnXJdz,MY DAPHNEBROGAKAORANGECRUSH
"[{'url': 'http://i.imgur.com/XzqKWjr.jpg', 'path': 'full/4cd4f6897fc0d2d5ceaf3621469b8d805504ff50.jpg', 'checksum': '7e95fa04c682eb12717e7d63fbf43609'}]",http://i.imgur.com/XzqKWjr.jpg,http://i.imgur.com/XzqKWjr.jpg,TWO WAVE SYSTEMS TRAVELLING IN DIFFERENT DIRECTIONS DUE TO A WIND SHIFT CREATING A CROSS SWELLFIZROCK
"[{'url': 'http://i.imgur.com/AIinCDf.jpg', 'path': 'full/ee3be053f0ad617454695043da30f1e0f5769f04.jpg', 'checksum': '5f57501cc6702de49d7b5793fbab19f6'}]",http://i.imgur.com/AIinCDf.jpg,http://i.imgur.com/AIinCDf.jpg,SPOTTED AT QUEBEC'S ROCKFESTDROSTATOPOULOS
,http://imgur.com/KyZb9xg.jpg,http://imgur.com/KyZb9xg.jpg,ABANDONED IN NORWAYPROTEON
,http://imgur.com/GxjnCQJ.jpg,http://imgur.com/GxjnCQJ.jpg,SUBWAY STATION IN PARISPROTEON
,http://imgur.com/N84TSPC,http://imgur.com/N84TSPC,FRIENDS OF MINE ARE KAYAKING UP THE COST FROM WASHINGTON INTO ALASKA.HAGGISMAXIMUS
"[{'url': 'http://i.imgur.com/TzxwB4t.jpg', 'path': 'full/a7fc914af879bc12a989de73ebf094524b20b361.jpg', 'checksum': '2d6077ed6482ea6547893838b90b57ae'}]",http://i.imgur.com/TzxwB4t.jpg,http://i.imgur.com/TzxwB4t.jpg,WHAT DIVING BETWEEN TWO TECTONIC PLATES LOOKS LIKEIAM4REAL
"[{'url': 'http://i.imgur.com/oykbLs2.jpg', 'path': 'full/0179042dd00b5242e6e189f7457e16a47262d816.jpg', 'checksum': 'eb00f6df8f710a7ffd783d54c4f80375'}]",http://i.imgur.com/oykbLs2.jpg,http://i.imgur.com/oykbLs2.jpg,THE BEST PHOTO I'LL EVER TAKE. EVERYONE NEEDS TO VISIT YOSEMITE IN THE WINTER.OXUS007
"[{'url': 'http://i.imgur.com/njZFOIL.jpg', 'path': 'full/03b3c8cf284415c57d681b9af17917a8bab65a8c.jpg', 'checksum': '22ea6e0412582b76b37056eb94a4f24f'}]",http://i.imgur.com/njZFOIL.jpg,http://i.imgur.com/njZFOIL.jpg,GREAT GRAFFITI!GHATROAD
"[{'url': 'http://i.imgur.com/U7hsLII.jpg', 'path': 'full/a973bd0aa6d849643ff790a6b5b21c6d35696d8e.jpg', 'checksum': '0bbc192eb1ded4e6b06d0328cf1eef3c'}]",http://i.imgur.com/U7hsLII.jpg,http://i.imgur.com/U7hsLII.jpg,"""BURNING TREE"", UNEXPECTED LIGHT BURST OVER THE FRONT RANGES OF THE ROCKIES ABOVE LAKE MINNEWANKASPICEDPUMPKINS"
,http://imgur.com/dxeug26,http://imgur.com/dxeug26,WHEN YOU TURN AROUND TOO FAST AND THE WORLD HASN'T LOADED IN YETTOMMIG28
,http://imgur.com/a/mdbYc,http://imgur.com/a/mdbYc,MY DAD HAS TAKEN THE SAME CHRISTMAS PICTURE OF ME EVERY YEAR SINCE 2003KELSEYMH
"[{'url': 'http://i.imgur.com/BARUCNu.jpg', 'path': 'full/0eb38a80a0bbcf438b153f32cdd6707e2e2465f3.jpg', 'checksum': '361347bf2b260b242cce37bbca72db0b'}]",http://i.imgur.com/BARUCNu.jpg,http://i.imgur.com/BARUCNu.jpg,"DESOTO FALLS IN MENTONE, ALTMANANATOR"
,http://imgur.com/gG6KPiJ,http://imgur.com/gG6KPiJ,WE CELEBRATED MY GRANDMOTHERS 92ND BIRTHDAY TODAY. MY 94 YEAR OLD GRANDFATHER MADE THIS SIGN FOR HER TO WAKE UP TO.WHOSHABOOBOO
"[{'url': 'https://i.imgur.com/2NSqqMb.jpg', 'path': 'full/db04e52bd47aa9931f1d33f69f5104b43735126c.jpg', 'checksum': 'fa2d2db612b64fb91be25abee540c0ba'}]",https://i.imgur.com/2NSqqMb.jpg,https://i.imgur.com/2NSqqMb.jpg,THIS THOUGHTFUL PACKAGINGGDISASTERS
,http://imgur.com/gallery/POYkj,http://imgur.com/gallery/POYkj,WHY I AM SCARED OF THE OCEANHALLYND
"[{'url': 'http://i.imgur.com/yzpBDNa.jpg', 'path': 'full/a69cc2cc476e3a53a323b7f5aea07176001a6ea1.jpg', 'checksum': 'a51a81d2fc7be36d2a543ea4ba9847fa'}]",http://i.imgur.com/yzpBDNa.jpg,http://i.imgur.com/yzpBDNa.jpg,A NIGHT IN THE MOUNTAINSJADEROWAN
"[{'url': 'https://i.imgur.com/qpAcTCr.jpg', 'path': 'full/e089316629ee8797a47e3863639d10039005e38a.jpg', 'checksum': '40e9cb3c5382f15e26113f4ecf036b91'}]",https://i.imgur.com/qpAcTCr.jpg,https://i.imgur.com/qpAcTCr.jpg,CLOUD ARENASHINEONCRAZYDIAMONDS
,http://imgur.com/gallery/S0sMe,http://imgur.com/gallery/S0sMe,AMAZING GLASS SCULPTURE BY DALE CHIHULY @ NYBGGORDON_LEADFOOT
,https://imgur.com/u8sAfia,https://imgur.com/u8sAfia,WHEN THE INTERNET SPILLS ONTO THE STREETS.SPIDER_DUDE
,https://imgur.com/gallery/Op3ID,https://imgur.com/gallery/Op3ID,"DESPITE CONES, SIGNS, AND THE ROAD BEING BLOCKED OFF, SOMEONE STILL MANAGES THISGALAHAVE"
"[{'url': 'http://i.imgur.com/LDqsRuj.jpg', 'path': 'full/dbc7b753927cd8eccd21a22f56a88a2d10490d9e.jpg', 'checksum': 'b977285c05c9f2dbefd0b6436763f56e'}]",http://i.imgur.com/LDqsRuj.jpg,http://i.imgur.com/LDqsRuj.jpg,POLITE BATHROOM GRAFFITIZWOOD24513
,http://imgur.com/B4SIBcf,http://imgur.com/B4SIBcf,THE REWARD FOR BEARING THE RAINSTORM ON OUR KAYAKSBIATS
,http://imgur.com/gOysuLN,http://imgur.com/gOysuLN,FREE SHRUGS...SHE WANTED HUGSXANENDORK
"[{'url': 'http://i.imgur.com/vu7QPZS.jpg', 'path': 'full/bc526cca54b39f5fd6baeaaf3ca7a91a692ba701.jpg', 'checksum': 'fd3f6f0a9ff46ded48d70150ef6af038'}]",http://i.imgur.com/vu7QPZS.jpg,http://i.imgur.com/vu7QPZS.jpg,"HOGWARTS, UNIVERSAL STUDIOS FLORIDAEHARK10"
"[{'url': 'http://i.imgur.com/lcbKsSo.jpg', 'path': 'full/d167abc59c149be765fec54d6aca78c13ee78281.jpg', 'checksum': '8ae1365b493b98321683350acba02dc6'}]",http://i.imgur.com/lcbKsSo.jpg,http://i.imgur.com/lcbKsSo.jpg,BABY ASSHOLES AND THEIR ASSHOLE PARENTSIBRAKEFORSQUIRRELS
"[{'url': 'https://i.imgur.com/eEOMC1W.jpg', 'path': 'full/60136a74a1b43ba9110926467a6c0619e699a339.jpg', 'checksum': '8581bd27c6ebe93fa6c077e842367c5d'}]",https://i.imgur.com/eEOMC1W.jpg,https://i.imgur.com/eEOMC1W.jpg,ABOUT RIGHT...DAMNEVERYTHINGX
,http://imgur.com/a/YIbDZ,http://imgur.com/a/YIbDZ,MY HIGHSCHOOL'S CHAPEL LOOKING MAJESTIC AT MY 5 YEAR LAST MONTHATOMIKU121
,https://imgur.com/41GZqd8,https://imgur.com/41GZqd8,MY SON'S PANCAKE WASN'T AMUSEDKEEPER420
,https://imgur.com/a/tVAte,https://imgur.com/a/tVAte,WAITING.JAPERSCRAPERS
,http://imgur.com/a/BtttK,http://imgur.com/a/BtttK,THIS GORILLA LOOKS LIKE A BALLERINA WORKING ON FOURTH POSITION.JANKU
"[{'url': 'https://i.imgur.com/Bhx1ySd.jpg', 'path': 'full/cd2dab0797aa1f93c17b558c2e5632926ee236ac.jpg', 'checksum': 'ba5b8544f1db48e2e21d4efa6c18bb5a'}]",https://i.imgur.com/Bhx1ySd.jpg,https://i.imgur.com/Bhx1ySd.jpg,SEEING YESTERDAY'S POST. MY CURRENT FAVORITE PICTURE OF SANTORINI. SUNRISE FROM OUR AIR B&BTOMMYBOT
,http://imgur.com/MFIeQqM,http://imgur.com/MFIeQqM,#RICKMOBILE SPOTTEDVOTEY_MCVOTEFACE
"[{'url': 'https://i.imgur.com/u9nRZcq.jpg', 'path': 'full/8b90294cfc75057385f204c1467cd807b5750d1a.jpg', 'checksum': 'f35fe127f310e78c7e9e52147874f06e'}]",https://i.imgur.com/u9nRZcq.jpg,https://i.imgur.com/u9nRZcq.jpg,WHEN YOU AND YOUR BUDDIES HAD A WILD NIGHT BUT YOU NEED TO BE THE RESPONSIBLE ONE.XAVED
,http://imgur.com/2q5BOsc,http://imgur.com/2q5BOsc,FARM LAND IN BRITISH COLUMBIAFRANCISWILLS
"[{'url': 'https://i.imgur.com/JGkFmHv.jpg', 'path': 'full/5634d29835703d9d78c3574950f0427bc7fce8eb.jpg', 'checksum': 'ba480881e35493d1c95acfef2429b4e2'}]",https://i.imgur.com/JGkFmHv.jpg,https://i.imgur.com/JGkFmHv.jpg,FANTASTIC LIVERY ON ONE OF THE PLANES AT PARIS AIR SHOWYXESWFSN
,https://imgur.com/gallery/V3rVD,https://imgur.com/gallery/V3rVD,PHOTOGENIC DEER IS PHOTOGENIC (2 PICS)KIFDAWG
,https://imgur.com/n9zOoNb,https://imgur.com/n9zOoNb,SEEN THE HAPPIEST FISH TODAY!KIFDAWG
,https://www.flickr.com/photos/davidhemmings/35470743116/sizes/o/,https://www.flickr.com/photos/davidhemmings/35470743116/sizes/o/,BEAR.TROT-TROT
"[{'url': 'http://i.imgur.com/r2shnD1.jpg', 'path': 'full/a23772949a78100b387b3d7f6045f2085206c573.jpg', 'checksum': '324ce049a6cfff2b7a2e174512e06e9f'}]",http://i.imgur.com/r2shnD1.jpg,http://i.imgur.com/r2shnD1.jpg,INSIDE A POK√â BALL420GULLIVER
"[{'url': 'http://i.imgur.com/FNdhUv3.jpg', 'path': 'full/fff112c1603f072dad67a0174767cd9394acce8d.jpg', 'checksum': 'e09c398322d62ce76422659be44a79ac'}]",http://i.imgur.com/FNdhUv3.jpg,http://i.imgur.com/FNdhUv3.jpg,SHAVING OFF A SLAB OF WOODHYDROWIRE
,http://imgur.com/APWyGUm,http://imgur.com/APWyGUm,PRIME MINISTER OF CANADA IN THE PRIDE PARADE WITH HIS FAMILYLYINGPERVERT
,http://imgur.com/MLQN55U,http://imgur.com/MLQN55U,WELL GLAD WE CLEARED THAT UP.TAPPUT561
,https://imgur.com/OV9P0ZX,https://imgur.com/OV9P0ZX,ANUBISBLONDERED
,http://imgur.com/gallery/iEL4y,http://imgur.com/gallery/iEL4y,I FUCKING LOST ITHALLYND
,https://imgur.com/OKg2RGt,https://imgur.com/OKg2RGt,FOUND THE MOST ORIGINAL GRAFFITI IN THE WORLD...WHORATIO-SANZ
"[{'url': 'http://i.imgur.com/wWkR378.jpg', 'path': 'full/23043e1a73d2ffb0b69f41f3086382a8ee55b045.jpg', 'checksum': 'd89bf066ed89d4c2b6ccc5057a3da5da'}]",http://i.imgur.com/wWkR378.jpg,http://i.imgur.com/wWkR378.jpg,NEW TATTOOSHACKSHOOKA
"[{'url': 'http://i.imgur.com/fQhVVhR.jpg', 'path': 'full/b8e228f40d264475eb8aa82a6d4aea0484c7f6ac.jpg', 'checksum': 'e62c9dcd2d87a9458f4cc7178c11c7d6'}]",http://i.imgur.com/fQhVVhR.jpg,http://i.imgur.com/fQhVVhR.jpg,PROSTHETIC FLIPPERS FOR INJURED SEA TURTLEIWORSHIPTACOS
"[{'url': 'http://i.imgur.com/2t2diQK.jpg', 'path': 'full/b0e3fbe5541e9e450fdc58d179bb01648e173baf.jpg', 'checksum': '8ea109f3c76b10b420e301e489661f79'}]",http://i.imgur.com/2t2diQK.jpg,http://i.imgur.com/2t2diQK.jpg,PERFECT TIMINGS - THE FIRE SPIRIT!RALPHFAITH
"[{'url': 'http://i.imgur.com/jhrzFBY.jpg', 'path': 'full/c38ba6cb90630b2e1f0fade407d5fdb8afc0096d.jpg', 'checksum': 'f9aec2e26c3191e338a97e680466f946'}]",http://i.imgur.com/jhrzFBY.jpg,http://i.imgur.com/jhrzFBY.jpg,"GOT TWO FORTUNES IN THE SAME COOKIE, AND THEY DIRECTLY CONTRADICT EACH OTHERGONNASTOPLURKINGNOW"
"[{'url': 'http://i.imgur.com/907viuK.jpg', 'path': 'full/e91d6dc5a3bf0e0cbbfa73a34be4c67ed44d6d76.jpg', 'checksum': 'f31d70e59072270f0c47f2f473bf2d2a'}]",http://i.imgur.com/907viuK.jpg,http://i.imgur.com/907viuK.jpg,KAUAI HAS AMAZING TREESBRISTOLSHAMBLER
"[{'url': 'http://i.imgur.com/KN5kMLn.jpg', 'path': 'full/31e848a051d92dc26b00332c296e47451428ccab.jpg', 'checksum': '37b2ee59a82bc16579b22461251d3dbc'}]",http://i.imgur.com/KN5kMLn.jpg,http://i.imgur.com/KN5kMLn.jpg,AWKWARD MOMENT SEAL PAINTED ON A STREET POWER BOXSUNBOLTS
"[{'url': 'http://i.imgur.com/E4ICYNc.jpg', 'path': 'full/d6bb7efb8c7c18676bb8fa7a01a7c92e2de25a00.jpg', 'checksum': '1ce5ec78d5a4f804352583e393711026'}]",http://i.imgur.com/E4ICYNc.jpg,http://i.imgur.com/E4ICYNc.jpg,ANYONE THERE?TONY_PHILIP
,https://imgur.com/OX2Yq69,https://imgur.com/OX2Yq69,MY WIFE POINTED OUT THIS TINY PRAYING MANTIS ON A CHAIR ON OUR BACK PORCH.TIFUBYGETTINGHEAD
,http://imgur.com/0qXmkKP,http://imgur.com/0qXmkKP,I ALWAYS SEE THESE WHILE HIKING ON SMALL TRAILS. WHAT ARE THEY AND WHAT ARE THEY FOR?DR_SPACE_ROBOT
,https://imgur.com/1jq62Gh,https://imgur.com/1jq62Gh,I PUT AN OLD COMPUTER CHAIR AT THE END OF MY DRIVEWAY WITH A SIGN ON IT IN HOPES THAT SOMEONE WILL TAKE IT. THIS IS THE SIGN.TIFUBYGETTINGHEAD
,http://imgur.com/a/hqUXG,http://imgur.com/a/hqUXG,MADE IT TO THE MOONTRACAYCAKES
"[{'url': 'http://i.imgur.com/zQ17coF.jpg', 'path': 'full/6c163510c40033575c7c159cb4e4906d35bb7b10.jpg', 'checksum': '33ed00c1d680b26250e401c1a00efab6'}]",http://i.imgur.com/zQ17coF.jpg,http://i.imgur.com/zQ17coF.jpg,"RUSH HOUR IN BUSAN, SOUTH KOREAARMINCERF"
,https://www.flickr.com/photos/65962975@N06/34689652364/sizes/l,https://www.flickr.com/photos/65962975@N06/34689652364/sizes/l,"COLOMBIA'S FARMLANDS AT 10,000 FTKIRBYJW"
"[{'url': 'https://c1.staticflickr.com/5/4239/35154448230_ec0cf49497_h.jpg', 'path': 'full/924573c8d1bc6c8e1cd114edeeff14b2d2f46377.jpg', 'checksum': '1f88fda53779b5a6362df0ce555cb6ba'}]",https://c1.staticflickr.com/5/4239/35154448230_ec0cf49497_h.jpg,https://c1.staticflickr.com/5/4239/35154448230_ec0cf49497_h.jpg,THE SPACEX LAUNCH ON SUNDAY LEFT THIS BEAUTIFUL CONTRAILJAKEDAGEEK127
"[{'url': 'http://i.imgur.com/hSDrSr0.jpg', 'path': 'full/436085faab77a2809ebc9407ab2fad1ab25a58bd.jpg', 'checksum': '57ad8638a7330a585ab6792596351aa2'}]",http://i.imgur.com/hSDrSr0.jpg,http://i.imgur.com/hSDrSr0.jpg,"TRAIN FROM NOWHERE(SAMUT SAKHON, THAILAND)BOXO138"
,http://imgur.com/4XPYVob,http://imgur.com/4XPYVob,FOUND THIS BOLTED TO A STREET SIGNDEADSEA9
,https://imgur.com/Q7f6m1L,https://imgur.com/Q7f6m1L,I FOUND THE END OF A RAINBOW.THEMIGHTYTACO
,http://imgur.com/nHfCAO1,http://imgur.com/nHfCAO1,LUNCH BREAK READINGCJB200990
"[{'url': 'http://i.imgur.com/KklOalg.jpg', 'path': 'full/f5d6c7edbb635cbe6768ecf8120774d84b9e6ad9.jpg', 'checksum': '446eb04a234490acd476889857902291'}]",http://i.imgur.com/KklOalg.jpg,http://i.imgur.com/KklOalg.jpg,A DIFFERENT VIEW OF THE SPACE SHUTTLEMALLEEMAN
,https://imgur.com/oshK8lJ,https://imgur.com/oshK8lJ,HERE'S A MOTH THAT I NAMED WOODY.KATIEWITHA_K
"[{'url': 'http://i.imgur.com/K0sXgoR.jpg', 'path': 'full/f5d51b241a20c6badf9534c4731db01dd93a5b07.jpg', 'checksum': '3f300d2cff776d36e2bd3f25adf90833'}]",http://i.imgur.com/K0sXgoR.jpg,http://i.imgur.com/K0sXgoR.jpg,SOFIA VERGARA MEETING PRIYANKA CHOPRA AT THE 2017 GOLDEN GLOBESTRAGICDONUT
"[{'url': 'http://i.imgur.com/WpQtr4o.jpg', 'path': 'full/e54a8675d1da25436f2ea4b652e338a8a13fae31.jpg', 'checksum': '49da5b3e865f2c8a55a615481b210b3a'}]",http://i.imgur.com/WpQtr4o.jpg,http://i.imgur.com/WpQtr4o.jpg,THE AMAZING STRENGTH OF AN ANTFALLDRILLS
"[{'url': 'http://i.imgur.com/ORV557g.jpg', 'path': 'full/2e2cf72ba3f020d06e279f32669cf07b2155a9b8.jpg', 'checksum': '74d7b5575fd2cdeced97298f525d3083'}]",http://i.imgur.com/ORV557g.jpg,http://i.imgur.com/ORV557g.jpg,THE LOOK OF A MAN WHO SOLD HIS SOULELWORTHY62
,https://imgur.com/wCAeS2k,https://imgur.com/wCAeS2k,RIDICULOUSLY PHOTOGENIC CHURCH: HALLGR√çMSKIRKJALUVOD
,http://imgur.com/gJuEP76,http://imgur.com/gJuEP76,MY FORMER HIGH SCHOOL GOT BRAND NEW LIGHTS ON THE BASEBALL FIELD AND MY MOM GOT A NEW CAMERA. ANY THOUGHTS?AJHOLLIDAY14
"[{'url': 'https://c2.staticflickr.com/6/5456/31293227816_cd5294d7a0_k.jpg', 'path': 'full/f2521648d35d7e45b2bda82035d2506734250d7c.jpg', 'checksum': 'c29b4b05228bd7bbb1b5a31ba8dba46b'}]",https://c2.staticflickr.com/6/5456/31293227816_cd5294d7a0_k.jpg,https://c2.staticflickr.com/6/5456/31293227816_cd5294d7a0_k.jpg,"UNDERNEATH HOUSTON, THERE IS ANOTHER WORLDAUREXF"
"[{'url': 'https://i.imgur.com/O4KdvJA.jpg', 'path': 'full/67dc50ccc3dc35c4325509befe4b420e532811fa.jpg', 'checksum': 'ba44d5aed9b4924fc50473aa46ca372f'}]",https://i.imgur.com/O4KdvJA.jpg,https://i.imgur.com/O4KdvJA.jpg,TOP BANANAACHILLEA666
,http://imgur.com/EaKvyUT,http://imgur.com/EaKvyUT,WATKINS GLEN NYDOLOMEOWTH
,http://imgur.com/a/Z5CPq,http://imgur.com/a/Z5CPq,GRANDPA WAS A HOLOCAUST SURVIVOR WHO ESCAPED THE CAMPS. WE JUST FOUND THIS BAG WHILE CLEANING HIS ATTIC.REDNECK_LEZBO
,https://www.imgur.com/a/utQoS,https://www.imgur.com/a/utQoS,LOOKS LIKE SOMEONE IS LEARNING TO DRIVE STICK...O_KISUTCH
"[{'url': 'http://i.imgur.com/EqH6xc6.jpg', 'path': 'full/e42b992e2bbaf6a0969e5f62da15617b9f5d3f80.jpg', 'checksum': '2e25bc804ecc984937d316c628a2b2aa'}]",http://i.imgur.com/EqH6xc6.jpg,http://i.imgur.com/EqH6xc6.jpg,ROMAN TEMPLE OF √âVORA - PORTUGALSAULT9
"[{'url': 'http://i.imgur.com/x9MvzUL.jpg', 'path': 'full/84ce011a6c0c7cc435ccde723a92a581a4dd43fa.jpg', 'checksum': 'dcc4e27acfaff48c5b28bffbf34efffc'}]",http://i.imgur.com/x9MvzUL.jpg,http://i.imgur.com/x9MvzUL.jpg,SOMEWHERE IN THE SMOKY MOUNTAINS.RALPH-HINKLEY
,http://imgur.com/a/gQUt5,http://imgur.com/a/gQUt5,PARISCUALCREES
"[{'url': 'http://i.imgur.com/xPLWIrK.jpg', 'path': 'full/08caf8de20d75bfed2acb7be98122ac880d73e34.jpg', 'checksum': '8254a934b2e1d51d7105d58b7f30c49e'}]",http://i.imgur.com/xPLWIrK.jpg,http://i.imgur.com/xPLWIrK.jpg,GAL GADOT AND VIN DIESEL RELAX WITH THEIR FAMILIES IN HOLLYWOOD HILLSTRAGICDONUT
"[{'url': 'http://i.imgur.com/jUvHrGn.png', 'path': 'full/83a4d484a9838ae6ba83e32a69e5015eb122dd40.jpg', 'checksum': 'a51a836ee3d3156a84c7f5944e998d7d'}]",http://i.imgur.com/jUvHrGn.png,http://i.imgur.com/jUvHrGn.png,THE REDHEAD GENE IS STRONG IN THIS ONEGALLOWBOOB
"[{'url': 'http://i.imgur.com/WV1hWrD.jpg', 'path': 'full/6709d6fb52d2411e7b235075622743129415a07b.jpg', 'checksum': '7978e27cff2eac6f39f1147a35cd4c62'}]",http://i.imgur.com/WV1hWrD.jpg,http://i.imgur.com/WV1hWrD.jpg,A GORILLA TAKING A BREAKDISTURBEDPUPPY
"[{'url': 'http://i.imgur.com/v2vvdDb.jpg', 'path': 'full/d3ff5d0db50a9639e3a1158a4b8ac486746a0bec.jpg', 'checksum': 'b0980664c4744391a754753251989bfd'}]",http://i.imgur.com/v2vvdDb.jpg,http://i.imgur.com/v2vvdDb.jpg,HERE'S A PHOTO I TOOK OF A TIGER IN THE BOWMANVILLE ZOO :PDEMI_KING
"[{'url': 'http://i.imgur.com/z5dl7kF.jpg', 'path': 'full/2fdaaa943810835fc9bd413673ebb72b889d8e32.jpg', 'checksum': '6b13bf456aaf6588ea31eaf90ca09faa'}]",http://i.imgur.com/z5dl7kF.jpg,http://i.imgur.com/z5dl7kF.jpg,RUBEN WOULD LIKE YOU TO BELIEVE HE CAUGHT THIS FISHSTUDENTS22
"[{'url': 'http://i.imgur.com/P2nxxsl.jpg', 'path': 'full/f84b6529132c49325f1fcfc000b886bde78f6efe.jpg', 'checksum': 'f0c4325557ed3257d1276a15accc53c9'}]",http://i.imgur.com/P2nxxsl.jpg,http://i.imgur.com/P2nxxsl.jpg,SQUIRREL EATS FRENCH FRY OUT OF A TRASH BIN.SMMLLR95
,http://imgur.com/gallery/fcrxc,http://imgur.com/gallery/fcrxc,"LANDSCAPE ARCHITECTURE & URBAN DESIGN IN OSAKA, JAPAN.ICPIF"
,http://imgur.com/Qb1r2mW,http://imgur.com/Qb1r2mW,AERIAL SHOT OF LAKE BLEDV1NCENT77
,https://imgur.com/CIplk7w,https://imgur.com/CIplk7w,JASON VORHEES CONTEMPLATING HIS LIFEBLACKZARAK
,https://www.flickr.com/photos/118118485@N05/26679709223/sizes/l,https://www.flickr.com/photos/118118485@N05/26679709223/sizes/l,HOGWARTS CORRIDORKIPPA2001
"[{'url': 'http://i.imgur.com/hbuei7q.jpg', 'path': 'full/2b08cad1c0dfa7a4044e54c41a43c7754206d721.jpg', 'checksum': 'e25b90cf0edc80e0076727b8299a893a'}]",http://i.imgur.com/hbuei7q.jpg,http://i.imgur.com/hbuei7q.jpg,"DOG TAKING A NAP IN BRUGES, BELGIUM.AETERNITAS"
,https://www.flickr.com/photos/droehrli/34658361264/sizes/k/,https://www.flickr.com/photos/droehrli/34658361264/sizes/k/,BEAUTIFUL!TROT-TROT
,https://imgur.com/yx2CCyQ,https://imgur.com/yx2CCyQ,THIS GUY IS DRIVING WITH HIS DOOR WIDE OPEN TO TRANSPORT HIS TVCHEFPANTRY
,https://imgur.com/gallery/oisxz,https://imgur.com/gallery/oisxz,BRAIN WASHEDC3POLLIE
"[{'url': 'http://i.imgur.com/kHqaY6g.jpg', 'path': 'full/f9c02a48c76eb6b77617e61718cfc55134db26c7.jpg', 'checksum': '417800b8b654b62daf1be49137730858'}]",http://i.imgur.com/kHqaY6g.jpg,http://i.imgur.com/kHqaY6g.jpg,WASHING MAY SHRINKA10KENDALL
,Https://imgur.com/gallery/YxDWd,Https://imgur.com/gallery/YxDWd,OUT WITH MY WIFE FOR PRIDE AND MET A DUDE INTO BBQ AT SOME BAR WHO INVITED ME TO HIS SMOKE TRAILER... I'VE MADE A HUGE MISTAKEDRUNK_CYCLIST
"[{'url': 'http://i.imgur.com/t7HnVZd.jpg', 'path': 'full/f0bd3c7311b98ec173f7dc47f097ae624105bcdd.jpg', 'checksum': '1da2ac91c5742e9f21c25902f79f527e'}]",http://i.imgur.com/t7HnVZd.jpg,http://i.imgur.com/t7HnVZd.jpg,WHO'S NAME IS HALL?MONNYSOORE
,https://imgur.com/EhjoIT2,https://imgur.com/EhjoIT2,WANDERING THE STREETS OF NICELUVOD
,https://imgur.com/pL2lon7,https://imgur.com/pL2lon7,CRUISING OVER SAN FRANCISCOLUVOD
,https://imgur.com/gallery/AI7uu,https://imgur.com/gallery/AI7uu,THIS REMOTE IS FUCKING HUGE...C3POLLIE
,http://imgur.com/GR0KCGh,http://imgur.com/GR0KCGh,17 YEARSAPOLLOREIGN
"[{'url': 'https://i.imgur.com/4qotIxS.jpg', 'path': 'full/67a6f7ff22c423948e32bfe47522a5da7bf3f1b3.jpg', 'checksum': 'dede406c0c4e40e2d66598b6c4b43cda'}]",https://i.imgur.com/4qotIxS.jpg,https://i.imgur.com/4qotIxS.jpg,PAINTINGBLOODYLIPSERVICE
,https://www.flickr.com/photos/152399158@N06/35535345135/in/dateposted-family/,https://www.flickr.com/photos/152399158@N06/35535345135/in/dateposted-family/,PICTURE OF A COLOURFUL AND DRAMATIC SUNSET [OC]RSN00B
"[{'url': 'http://i.imgur.com/cQy4HG3.jpg', 'path': 'full/8d87af1907fd40979a138c9bc986479c19de09bc.jpg', 'checksum': '4e30f2abbf12da5753891b0bb06e05b9'}]",http://i.imgur.com/cQy4HG3.jpg,http://i.imgur.com/cQy4HG3.jpg,JUSTIN TRUDEAU AT THE TORONTO PRIDE PARADE TODAYGO_HABS_GO31
"[{'url': 'https://i.imgur.com/pVBk6gW.png', 'path': 'full/dda04926db1324b49209597078469b33038f70ea.jpg', 'checksum': '4f7a24b51b6f2976b76675890c40f9af'}]",https://i.imgur.com/pVBk6gW.png,https://i.imgur.com/pVBk6gW.png,"FRIEND WORKS IN A DONUT SHOP, DID THESE FROM MEMORY, WHAT DO YOU THINK?TUMESCENTPIE"
,https://imgur.com/WBfyLQe,https://imgur.com/WBfyLQe,CHECK OUT MY NEW DEER FEEDER!PAPAWOLFF
,http://imgur.com/gdl3UUq,http://imgur.com/gdl3UUq,MY EARLY BLOOMER.TOMMYTHESPANKENGINE
,https://imgur.com/v9DfRQo,https://imgur.com/v9DfRQo,DAPHNE LOOKING ELEGANT AFBROGAKAORANGECRUSH
,http://imgur.com/a/97K1A,http://imgur.com/a/97K1A,FOUND GOOD GIRL GINA IN THE WILD!DICK-VAN-DYKE
"[{'url': 'http://i.imgur.com/tk48WyE.jpg', 'path': 'full/4f8e9e4c2f9ea7cb474bcdd7481ad961b1dc99a2.jpg', 'checksum': 'b040e7c5994afc30e0500aba4baa0529'}]",http://i.imgur.com/tk48WyE.jpg,http://i.imgur.com/tk48WyE.jpg,"SO, THIS IS NOT A NORMAL DRIVEWAY DECORATION.KMMONTANDON"
"[{'url': 'https://cdn-s3.si.com/s3fs-public/si/multimedia/photo_gallery/1010/nascar.crashes/images/Crash-23.jpg', 'path': 'full/a13b7823c87503ef535951fb81012099d75850b6.jpg', 'checksum': '5b95af075f29d64142e9f8926ff7af36'}]",https://cdn-s3.si.com/s3fs-public/si/multimedia/photo_gallery/1010/nascar.crashes/images/Crash-23.jpg,https://cdn-s3.si.com/s3fs-public/si/multimedia/photo_gallery/1010/nascar.crashes/images/Crash-23.jpg,CALAMITY & CHAOS AT 190 MPH.REMFAN477
"[{'url': 'http://i.imgur.com/cKCnjOO.jpg', 'path': 'full/8978469c096dd68da048acc808dbdbf1cedd2e99.jpg', 'checksum': '0af800f0e059e6e8102fc86652355ef8'}]",http://i.imgur.com/cKCnjOO.jpg,http://i.imgur.com/cKCnjOO.jpg,"FIRST TIME IN A NP, GLACIER NATIONAL PARK. THIS COUNTRY IS BEAUTIFUL.COMRADE_K"
"[{'url': 'https://i.imgur.com/9WJWzqN.jpg', 'path': 'full/e09acb725c005ce1839ee45fd96bcf0c5dd2679a.jpg', 'checksum': '3d5b48faa80000f926f7b5413da07fd3'}]",https://i.imgur.com/9WJWzqN.jpg,https://i.imgur.com/9WJWzqN.jpg,MAN TAKING GRANDSON AND AN EAGLE ON HUNT IN THE ALTAI MOUNTAINS OF CENTRAL ASIAGUACAMOLEFANATIC
,http://imgur.com/a/VwvY8,http://imgur.com/a/VwvY8,EVERY HIGHWAY SIGN IN THE AREA IS DOUBLE PLACED.BUTBRUHIVAPE
,https://imgur.com/ujy1Iux,https://imgur.com/ujy1Iux,[OC] I FOUND A QUITE PLACE ON THE RIM OF THE CALDERA AT CRATER LAKEIMSHUAJUSTJOSHING
,https://imgur.com/2cMenuU,https://imgur.com/2cMenuU,KID STANDING IN FRONT OF A BURNING MILL BUILDING IN MY HOME TOWNTOTALLY_NOT_A_PANDA
,https://imgur.com/M5DOhjU,https://imgur.com/M5DOhjU,AN ONTARIAN FIELDPROCRASTINATING_FTW
,http://imgur.com/jwJDiBX,http://imgur.com/jwJDiBX,GOOD VIEWPRIMATE88
,https://imgur.com/MW9c52o,https://imgur.com/MW9c52o,I HONESTLY JUST DON'T EVEN KNOW ANYMOREPLZDONTBEME
"[{'url': 'http://i.imgur.com/gwFih1t.jpg', 'path': 'full/bdbc4a7227e789e2ae4ae949a4edd163cbf10f03.jpg', 'checksum': 'bb8b021b8a26eaafac46d37bf333f064'}]",http://i.imgur.com/gwFih1t.jpg,http://i.imgur.com/gwFih1t.jpg,PICK A CANDY: A FUN WAY TO CELEBRATE EID!CAPTENI
,http://imgur.com/KV1NEX6,http://imgur.com/KV1NEX6,"NOT TOO SHABBY, PENNSYLVANIAPAPERWRITEBESTWRITE"
,https://www.flickr.com/photos/126471621@N05/35352811372/in/dateposted-public/,https://www.flickr.com/photos/126471621@N05/35352811372/in/dateposted-public/,"BORDERLESS WORLD. BRUSSELS, JUNE 2017.PILAST"
"[{'url': 'https://pp.userapi.com/c7008/v7008852/c697e/c1h9WGCOcVE.jpg', 'path': 'full/cbe1197006131c8fb0e933ea2f40443a498ac283.jpg', 'checksum': '9d826ebe71b00e7e44ee463a94f84d48'}]",https://pp.userapi.com/c7008/v7008852/c697e/c1h9WGCOcVE.jpg,https://pp.userapi.com/c7008/v7008852/c697e/c1h9WGCOcVE.jpg,RUSSIAN PRIME MINISTER DMITRY MEDVEDEV BEING MISERABLE IN THE RAIN.PAGEGQ
"[{'url': 'https://i.imgur.com/B0hFV5r.jpg', 'path': 'full/a9dd2097fb75ac169171db838348098a55f1d3b2.jpg', 'checksum': 'df9b3eab25411db4e3f253409a9d7b61'}]",https://i.imgur.com/B0hFV5r.jpg,https://i.imgur.com/B0hFV5r.jpg,"CHILDREN LEARNING GUN SAFETY IN ELEMENTARY SCHOOL, 1956GUACAMOLEFANATIC"
"[{'url': 'http://i.imgur.com/RsufppJ.jpg', 'path': 'full/eb176adda9eb4dc98bf8c6d5851e6054d57f7d59.jpg', 'checksum': '1cde3abd857e423e8b972554ca2de8b0'}]",http://i.imgur.com/RsufppJ.jpg,http://i.imgur.com/RsufppJ.jpg,"HAPPY PRIDE, OFFICER!GATO1980"
,https://imgur.com/XZ6am71,https://imgur.com/XZ6am71,HERE KITTY KITTY KI.... WAIT A SECIOBEYTHEHIVEMIND
,https://imgur.com/4XsY2sd,https://imgur.com/4XsY2sd,SAW THIS AT MY LOCAL GROCERY STORE. WHAT A STEAL!MAIMONIDES_VII
,https://imgur.com/gallery/Vt9qu,https://imgur.com/gallery/Vt9qu,THIS GORILLA LOOKS LIKE HE'S BEEN WATCHING YOU SLACKING ON THE WORK FLOOR AND IT'S TIME FOR A PERFORMANCE REVIEW.DATENITEFML
,http://imgur.com/a/AgFwD,http://imgur.com/a/AgFwD,THIS STORE THAT TELLS YOU WHEN ITS BANANAS WILL BE RIPERAGINGACID
"[{'url': 'https://upload.wikimedia.org/wikipedia/commons/2/22/ParkesTelescopeNight.png', 'path': 'full/77fa41528350e5e2f15386fad906933eb4a18622.jpg', 'checksum': '5f2f528b78a5fc48f3743e591daba521'}]",https://upload.wikimedia.org/wikipedia/commons/2/22/ParkesTelescopeNight.png,https://upload.wikimedia.org/wikipedia/commons/2/22/ParkesTelescopeNight.png,"THE PARKES RADIO TELESCOPE IN AUSTRALIA! I AM OBSERVING PULSARS WITH THIS BEAUTIFUL THING RIGHT NOW, AND TOOK THIS PHOTO LAST WEEKDANIELJR1992"
,http://imgur.com/ngzTan2,http://imgur.com/ngzTan2,EVERYONE HAS THEMLIAMTB
"[{'url': 'http://i.imgur.com/tHhi68v.jpg', 'path': 'full/eaa69926cbc5b23eb3938acb5863f62b953e9c04.jpg', 'checksum': '39a9c1b3b9d2915454c425c7bbc1b1ce'}]",http://i.imgur.com/tHhi68v.jpg,http://i.imgur.com/tHhi68v.jpg,BEFORE LEGO WERE MADE OF PLASTIC....THEY WERE MADE OF WOOD (MORE IN COMMENTS)SOONER70
"[{'url': 'http://i.imgur.com/2VyVjQxh.jpg', 'path': 'full/6ec24182a4a261a342b8567e1ed77c44c677d3cf.jpg', 'checksum': 'ff541caa4106e3d342e3da537e23eea2'}]",http://i.imgur.com/2VyVjQxh.jpg,http://i.imgur.com/2VyVjQxh.jpg,I TOOK A PICTURE OF A CIGARETTECOTHEN
,https://imgur.com/GI0BDhj,https://imgur.com/GI0BDhj,HIDDEN BRIDGEGIFUCKINGJANE
,https://imgur.com/ZSL3x1D,https://imgur.com/ZSL3x1D,KAYAK SUNK FROM UNDER ME. LOOK IN THE BACKGROUND.TICH02
"[{'url': 'http://i.imgur.com/0FHw1Fg.jpg', 'path': 'full/d4330ed039e15274ab4e9c23b388a005ef96f29b.jpg', 'checksum': '64e51447a2fa607070ef0ec644ea9785'}]",http://i.imgur.com/0FHw1Fg.jpg,http://i.imgur.com/0FHw1Fg.jpg,THE MOMENT DAVID JOS√â VALLENILLA WAS SHOT AND KILLED. HE WAS A 22 YEAR OLD VENEZUELAN PROTESTOR FIGHTING FOR HIS COUNTRY'S FREEDOM.LEO_99
,https://imgur.com/DFrTyPF,https://imgur.com/DFrTyPF,"AND WITH ONE BLUEBERRY, SHE LEARNS AN IMPORTANT LESSON IN NOT TEASING.BLAHBLAHBLAHOKAY"
,https://imgur.com/qp9yeOe,https://imgur.com/qp9yeOe,OVERLOOKING NICELUVOD
,http://imgur.com/tKPuPD4,http://imgur.com/tKPuPD4,SOMEONE TURNED CHIPPING PAINT INTO ART ON HOLLYWOOD BLVD.LUKEALLEN1
,https://m.imgur.com/a/hEQjO,https://m.imgur.com/a/hEQjO,TREETHULHUTOASTEDED
,http://imgur.com/a/Hjocy,http://imgur.com/a/Hjocy,A COLLECTION OF IMAGES FROM MY BACKYARD AFTER A STORMCATBEPOOIN
"[{'url': 'http://i.imgur.com/1mbqoeP.jpg', 'path': 'full/1ad3cea3b2ec81c9234a07828c867cf2b76d7c9b.jpg', 'checksum': '8ad22a0e914fd110820c7e50bc7469dc'}]",http://i.imgur.com/1mbqoeP.jpg,http://i.imgur.com/1mbqoeP.jpg,CHILDREN NURTURED IN KINDNESS LEARN THE VALUE OF UNDERSTANDINGSOTZUME
"[{'url': 'http://i.imgur.com/FvW7LlW.jpg', 'path': 'full/9347e03466ddd5f31d9e62495359e18edb3edcac.jpg', 'checksum': '4db6322653837f3bfb1d0be069737b9d'}]",http://i.imgur.com/FvW7LlW.jpg,http://i.imgur.com/FvW7LlW.jpg,CNN SENDS SKETCH ARTIST TO PRESS BRIEFING DUE TO WHITEHOUSE BANNING RECORDINGS-GAVIN-
"[{'url': 'http://i.imgur.com/GlT7VxW.jpg', 'path': 'full/d7a251c6f010b8b507a99caf07b5b46bfa17c11a.jpg', 'checksum': '870e6de87d4fec21ac33073bc4522b26'}]",http://i.imgur.com/GlT7VxW.jpg,http://i.imgur.com/GlT7VxW.jpg,BERLIN APRIL 1945. ABSTRACT COLORIZATIONHISTORYCAMERASCATS
"[{'url': 'http://media.gettyimages.com/photos/mountain-goat-on-cliff-glacier-national-park-montana-picture-id540978885', 'path': 'full/ab820efe17337340967ca11f00b255d49de2e5d1.jpg', 'checksum': 'b98fa78babe110f30d8b36d45b765cd5'}]",http://media.gettyimages.com/photos/mountain-goat-on-cliff-glacier-national-park-montana-picture-id540978885,http://media.gettyimages.com/photos/mountain-goat-on-cliff-glacier-national-park-montana-picture-id540978885,"MOUNTAIN GOAT (OREAMNOS AMERICANUS) -- THE BEST MOUNTAINEER ON PLANET EARTH, NATIVE ONLY TO NORTH AMERICA, AND NOT A GOAT -- PERCHED ON A CLIFF IN GLACIER NATIONAL PARK, MONTANA, UNITED STATES OF AMERICA. PHOTOGRAPHER: SUMIO HARADATROT-TROT"
,http://imgur.com/8aq6x15.jpg,http://imgur.com/8aq6x15.jpg,THE ITALIAN POLICE LOOKS BADASSELLIOTTCARVER
"[{'url': 'http://i.imgur.com/HAmpEHD.jpg', 'path': 'full/5b98026f639a383ed35b8224a5760e51e427886d.jpg', 'checksum': 'ff103529ba8911068b9a2bde20191e1a'}]",http://i.imgur.com/HAmpEHD.jpg,http://i.imgur.com/HAmpEHD.jpg,"OH HEY, YOU'RE HOME.MIKOJAMES"
,https://imgur.com/NF0RFxL,https://imgur.com/NF0RFxL,"HAPPY EID, TAKE ONE!SAMO_ADAMS"
,https://imgur.com/bbFy17O,https://imgur.com/bbFy17O,DEAD CECROPIA MOTH FOUND AT MY WORK THE OTHER MORNINGSWIFTMANIA
,http://imgur.com/NBnWTWb,http://imgur.com/NBnWTWb,SO I HEAR WE'RE POSTING MOTHS :)TINKERNICKEL_
,https://imgur.com/wksqf2t,https://imgur.com/wksqf2t,WATERFALL AMONG THE CLOUDSKISSING_BABA
"[{'url': 'https://i.imgur.com/CkEFBll.jpg', 'path': 'full/c4ac3e3152ddd5573257b8690e5fed34681e4705.jpg', 'checksum': 'd7d8984834107f08e33dfc305b9304f6'}]",https://i.imgur.com/CkEFBll.jpg,https://i.imgur.com/CkEFBll.jpg,DESIGN FOR NY'S OFFICIAL MONUMENT HONORING THE LGBT COMMUNITY AND THOSE LOST IN THE PULSE NIGHTCLUB SHOOTING.GUACAMOLEFANATIC
,https://imgur.com/XV5OwcQ,https://imgur.com/XV5OwcQ,"TOOK THIS PICTURE IN PORTO, PORTUGAL JUNE 20TH 2012.BELIEVEMEIMLYINGX"
,https://imgur.com/gallery/ONPEc,https://imgur.com/gallery/ONPEc,MONSTER UNDER THE BEDC3POLLIE
"[{'url': 'http://i.imgur.com/jRi7w9w.jpg', 'path': 'full/c237695215e36b7c02c6f40608ed7e343cac3227.jpg', 'checksum': 'b76b56dd51067cb2057deae2587c983b'}]",http://i.imgur.com/jRi7w9w.jpg,http://i.imgur.com/jRi7w9w.jpg,MERRY HALF-CHRISTMAS EVERYONE!_GORK
,https://www.flickr.com/photos/141515795@N03/35111728910/sizes/o/,https://www.flickr.com/photos/141515795@N03/35111728910/sizes/o/,DINNER.TROT-TROT
"[{'url': 'http://i.imgur.com/N4uEPsX.jpg', 'path': 'full/59f82f1a005dc570c9782ae0965f06d304dc1da1.jpg', 'checksum': '167ee98de58eff07b5cced1f9cbf66ec'}]",http://i.imgur.com/N4uEPsX.jpg,http://i.imgur.com/N4uEPsX.jpg,"MY COMPANY ASKED ME UPLOAD ""PROFESSIONAL HEADSHOTS""HWANGGEUMNAM"
,https://imgur.com/gallery/4vgoK,https://imgur.com/gallery/4vgoK,BACKFLIPPING MAN AT SYDNEY HARBOURTHEBLOODS39
,http://imgur.com/dQzb3Ry,http://imgur.com/dQzb3Ry,HATEFUL HOPPER HARASSES HIKERTRIGGER1221
"[{'url': 'http://i.imgur.com/7Sfv93n.jpg', 'path': 'full/5326ca115697e8a9e5aabdd192baf59188b96064.jpg', 'checksum': '6bc77279065168bef151d264fcbf4614'}]",http://i.imgur.com/7Sfv93n.jpg,http://i.imgur.com/7Sfv93n.jpg,THIS PIG HAS ANOTHER PIG ON ITS HEADANSONIK
"[{'url': 'http://i.imgur.com/sLRx5lh.jpg', 'path': 'full/21f2390618e4ad96e7b06c3b59a951baa3eb8c47.jpg', 'checksum': '81e143540e5990aa5b11b01844377ef4'}]",http://i.imgur.com/sLRx5lh.jpg,http://i.imgur.com/sLRx5lh.jpg,A CIRCLE OF RING TAILED LEMURKEIRONJONES
"[{'url': 'http://i.imgur.com/3y7Jof6.jpg', 'path': 'full/b0423fa4b9a2ecd7a1a02776c9b064115b43749f.jpg', 'checksum': 'ec006ea5c6d49217c13ad5dc61e8e53f'}]",http://i.imgur.com/3y7Jof6.jpg,http://i.imgur.com/3y7Jof6.jpg,FEET OF GOMMATESHWARA STATUE AT SRAVANABELAGOLA. COCONUTS FOR SCALE.SANIMAGUS
,http://imgur.com/Xyic9ks,http://imgur.com/Xyic9ks,VERTICAL PANOLADYGREYNOJOY
"[{'url': 'https://i.imgur.com/NcZ0G69.jpg', 'path': 'full/6ebe390c3f35a42de6a6c13c172dfaed50c9f90a.jpg', 'checksum': '39d1125c6b49d4e8ddbfb6d7e77c414f'}]",https://i.imgur.com/NcZ0G69.jpg,https://i.imgur.com/NcZ0G69.jpg,TWO FOR FLINCHINGACHILLEA666
"[{'url': 'http://i.imgur.com/wmSOLEG.jpg', 'path': 'full/b70ed06b9eb41acd8536096fbf9958a294d2b602.jpg', 'checksum': '27126aa1734aab406cf42c8f15fdeaea'}]",http://i.imgur.com/wmSOLEG.jpg,http://i.imgur.com/wmSOLEG.jpg,JUST AN YELLOW WATERMELONAND_POOP
,https://imgur.com/Czc1ooZ,https://imgur.com/Czc1ooZ,"MADISON, WI FIREWORKS!WELCOMETOTHEGOODBURG"
,https://imgur.com/gallery/TOnWA,https://imgur.com/gallery/TOnWA,A MAN WHO SURVIVED 13 GUNSHOTS TO THE STOMACHFONZIENATOR
"[{'url': 'http://i.imgur.com/SLJrsAU.jpg', 'path': 'full/634363b635b77300459312779d4aa3fe3fb4839f.jpg', 'checksum': '9ea2d2eb6ffc2b540dc38a4a44fa78cb'}]",http://i.imgur.com/SLJrsAU.jpg,http://i.imgur.com/SLJrsAU.jpg,THIS PLACE LEFT A BAD TASTE IN MY MOUTH..FLAKMA
,https://imgur.com/gallery/29iyZ,https://imgur.com/gallery/29iyZ,THE DIFFERENCE A FEW MONTHS CAN MAKENOTYOURGOLDSTANDARD
,https://imgur.com/khWq7Pr,https://imgur.com/khWq7Pr,COOL LITTLE WOOGLE BUG SAYING HIJALEXANDER7190
,https://imgur.com/CVMHBR4,https://imgur.com/CVMHBR4,I'VE KNOW I'VE SEEN THIS HERE BEFORE BUT I CAN'T FIND THE LINK CAN ANYONE HELP?XACUTIONER08
,http://imgur.com/OufqL7M,http://imgur.com/OufqL7M,"FOUND THIS IN MY DAD'S DISPLAY CASE, FIGURED REDDIT WOULD APPRECIATEüçåPLASMATICRIVER"
,https://imgur.com/gallery/lmrUv,https://imgur.com/gallery/lmrUv,THE ART I'VE MADE THIS WEEK.SERENA22
,https://imgur.com/M4KjgRH,https://imgur.com/M4KjgRH,A PRESIDENT BRAVING THE RAIN TO PAY HOMAGE TO THE MEN WHO FELL DEFENDING THE COUNTRY'S HONORCOLLEGEBOI86
"[{'url': 'http://i.imgur.com/4LUvHTB.jpg', 'path': 'full/b73cad0d9db50faba5291bc9f0a49a303715a69a.jpg', 'checksum': '436a0f85e1cd59b21c8d1b0dd320ca0f'}]",http://i.imgur.com/4LUvHTB.jpg,http://i.imgur.com/4LUvHTB.jpg,FATTEST NARWHAL EVER.S3V3N2
,http://imgur.com/1Bp5RcO,http://imgur.com/1Bp5RcO,NASHVILLE AT SUNSETTHEPOOPDOLLARHOLLER
,http://imgur.com/zbt0ICz,http://imgur.com/zbt0ICz,HAPPY PRIDE MINNEAPOLIS AND ST PAUL!ROMBOLIO
"[{'url': 'https://i.imgur.com/NJSN1dn.jpg', 'path': 'full/996445f71c91db7b0471ba332f7da3be609af417.jpg', 'checksum': 'd48ab5a54cf648c8dc9f5c99bf01777b'}]",https://i.imgur.com/NJSN1dn.jpg,https://i.imgur.com/NJSN1dn.jpg,DAMES POINT BRIDGE IN JACKSONVILLEDANPARKER001
,https://imgur.com/qHg91uM,https://imgur.com/qHg91uM,SINCE WE'RE DOING MOTHS TODAY...SNAKE MIMICRY ON THIS ONE'S WING OUTSIDE MY OFFICE.GRINGODEMAIO
,https://imgur.com/EWCjA9I,https://imgur.com/EWCjA9I,PERSPECTIVE [OC]XXIIIX
,https://imgur.com/iK62883,https://imgur.com/iK62883,HUNTER MOUNTAIN FIRE TOWER IN THE CATSKILLSHACKOPSV2
,http://imgur.com/MzcmLTr,http://imgur.com/MzcmLTr,"""RAP SNACKS""YOURPERFECTCAKE"
,http://imgur.com/A0DKI8I,http://imgur.com/A0DKI8I,LINEAR CLOUD FORMATION I SAW THIS MORNINGJUDESK8R
,https://imgur.com/H8yWEl5,https://imgur.com/H8yWEl5,WE GOT TIRED OF SEEING FEMALE GUESTS AT THE WEDDING POSING LIKE THIS (OC)SHREDTHEGNAR1369
,https://imgur.com/Ov97FvP,https://imgur.com/Ov97FvP,WHERE I COME TO REFLECTZYREXRAVE
,http://imgur.com/a/W8XPg,http://imgur.com/a/W8XPg,MOUNTAIN GOATS ON MT. QUANDARYRAYGNARLS
"[{'url': 'http://i.imgur.com/HqXjjGb.jpg', 'path': 'full/5589c64ec5b553d848b0d4357363c11c9fa63ac6.jpg', 'checksum': '9c5b47151455bdefa8e255838d985440'}]",http://i.imgur.com/HqXjjGb.jpg,http://i.imgur.com/HqXjjGb.jpg,DRAGONFLY BEING BORNDEKOMOTE
,http://imgur.com/cuq0lhK,http://imgur.com/cuq0lhK,HAWAIIAN BOBTAIL SQUIDLETHALBACONX
,http://imgur.com/4rLwQ0n,http://imgur.com/4rLwQ0n,I FOUND A FRIEND!PCHADROW
,http://imgur.com/gallery/PW1rz,http://imgur.com/gallery/PW1rz,"KNOCKED ONE ITEM OFF MY BUCKET LIST TODAY, SF PRIDE PARADE!JAYPIZZL3"
,https://m.imgur.com/hyOjyek,https://m.imgur.com/hyOjyek,"BOTANICAL BEACH, BRITISH COLUMBIAFAPPLECOMPUTER"
,https://imgur.com/ABBYQHG,https://imgur.com/ABBYQHG,"TWO METHODS FOR SENDING TEXT MESSAGES IN CLASS, SEPARATED BY ABOUT TWENTY YEARS.SKYSKR4PER"
"[{'url': 'http://i.imgur.com/FkUny24.jpg', 'path': 'full/38ed757a64f2cb76e03520b8a259cdb83d972f18.jpg', 'checksum': '858ce8f5a3744fe65c147b3aec8aa9a9'}]",http://i.imgur.com/FkUny24.jpg,http://i.imgur.com/FkUny24.jpg,"I TOO, ONCE HAD A PRINCESS MOMENTAXLE_FOLEY7"
,https://imgur.com/kVbdiG4,https://imgur.com/kVbdiG4,THIS GORILLA LOOKS LIKE HES POSING FOR AN ALBUM COVER.BOBBYHILL626
,http://imgur.com/ErVPkTO,http://imgur.com/ErVPkTO,THIS IS HOW PEOPLE WATCH CONCERTS TODAY.PUMPKINSPICE90
,http://imgur.com/yAJNdQG,http://imgur.com/yAJNdQG,REALITY (PACKAGE CONTENT) VS. EXPECTATION (PACKAGE)TAEPPA
"[{'url': 'http://i.imgur.com/rVKNTzJ.jpg', 'path': 'full/eabdc388c3ee30220485c95ca4416c8e8730e893.jpg', 'checksum': '7ee944ae38d2a92785b701186f024e32'}]",http://i.imgur.com/rVKNTzJ.jpg,http://i.imgur.com/rVKNTzJ.jpg,ONE CAN ONLY DREAMHYNDSITE
,https://imgur.com/0VcN93c,https://imgur.com/0VcN93c,WHEN THE WEATHER IS INDECISIVEMORGUANAAWESOME
,https://imgur.com/7LxV6Sd,https://imgur.com/7LxV6Sd,I LOOKED OUT MY WINDOW TODAY MORNING TO SEE THIS GUY HEAD BANGING TO MY TRIP-HOP PLAYLIST.SAMPAT97
,https://imgur.com/gallery/1E7qC,https://imgur.com/gallery/1E7qC,MY BROTHER RECENTLY MOVED & HIS CAT IS MISERABLE. SHE CONSTANTLY SITS & PRETENDS SHE'S SOMEWHERE ELSE.WEBOTHFORGET
"[{'url': 'https://pbs.twimg.com/media/DDNQSLsUIAEd5Bm.jpg:large', 'path': 'full/fbbe1eba543d46cdb06f7bf1208a1ad9c0463328.jpg', 'checksum': '468ea834fa6ed00fbefc41c7e7fd4dea'}]",https://pbs.twimg.com/media/DDNQSLsUIAEd5Bm.jpg:large,https://pbs.twimg.com/media/DDNQSLsUIAEd5Bm.jpg:large,HE JUST WANTS TO CUDDLE_PARTICLE_
"[{'url': 'http://i.imgur.com/VXUleMa.jpg', 'path': 'full/1f32cc7f7dcbf0e3785120563cc87de8f6cf0004.jpg', 'checksum': '5e6e1f5056059eb8403a9b122e6838e6'}]",http://i.imgur.com/VXUleMa.jpg,http://i.imgur.com/VXUleMa.jpg,SURGEON SLEEPING AFTER EATING THREE CHEESEBURGERSVOODOOMUDCAKE
"[{'url': 'http://i.imgur.com/v02wmsZ.jpg', 'path': 'full/52ec2f5057d7b58da572d1503027f1ae0af865b3.jpg', 'checksum': 'f4ec75f8cfb88628edb5e934ecd4266e'}]",http://i.imgur.com/v02wmsZ.jpg,http://i.imgur.com/v02wmsZ.jpg,LUCKY LADY BUG._LOBSTER_
,http://imgur.com/gallery/sBKQ2,http://imgur.com/gallery/sBKQ2,A TOTAL EXPLOSION OF COLOR!BIGHDADDIE
"[{'url': 'http://i.imgur.com/6vWxQPp.jpg', 'path': 'full/9d480fc72899d4569053c7af9c86a9728b5dfeb9.jpg', 'checksum': '7c985e6d95fe5d99ee7fa69d0719fd88'}]",http://i.imgur.com/6vWxQPp.jpg,http://i.imgur.com/6vWxQPp.jpg,I TOOK A PICTURE OF MY DOG TODAYTHE5THPIXEL
,http://imgur.com/gallery/xWpMT,http://imgur.com/gallery/xWpMT,JACKSON POLLOCK & LEE KRASNER 1940SPAINTSOUL0
,https://imgur.com/59mUGzD,https://imgur.com/59mUGzD,TONY STARK ADVERTISES SHAWARMA IN MEXICO CITYTELEMPEMORI
,http://imgur.com/a/xvTyG,http://imgur.com/a/xvTyG,"OOTY, TAMIL NADU, INDIADLGKRUD"
,https://imgur.com/mY8hixi,https://imgur.com/mY8hixi,MY SON WITH THE FULL MATRIX DROP KICKMJONES_BULLDOG
,http://imgur.com/a/piLrj,http://imgur.com/a/piLrj,MY KITTENS EYES WERE SO BIG YOU COULD SEE MY TAKING THE PHOTO IN HER PUPILMAXIESNAX
"[{'url': 'http://i.imgur.com/EZP7sVl.jpg', 'path': 'full/048a04ccbfd5ee9fae29cb1ebb879f2f29754579.jpg', 'checksum': '9fc1378892b5e319a87b715b2c080d86'}]",http://i.imgur.com/EZP7sVl.jpg,http://i.imgur.com/EZP7sVl.jpg,"THE #CATSIGNAL, WHICH RALLIED THE INTERNET TO DEFEAT SOPA AND ORGANIZE THE INTERNET BLACKOUT, IS BACK IN TODAY'S NEW YORK TIMES!NOEATNOSLEEP"
"[{'url': 'http://i.imgur.com/csjDK2V.jpg', 'path': 'full/5ee6670a376f9ec7bb0822fc48d82efb3a6d4d8f.jpg', 'checksum': '483bb91d1cf902874c21a0a612aa4776'}]",http://i.imgur.com/csjDK2V.jpg,http://i.imgur.com/csjDK2V.jpg,MY DOG IS AFRAID OF THUNDERSTORMS. THIS IS WHAT WE HAVE TO DO WHEN THERE IS A STORM.DANGERHASARRIVED
"[{'url': 'http://i.imgur.com/z3dBTZq.jpg', 'path': 'full/b8480485d5f5e91ff1329bfc7b7e21bab7969d6b.jpg', 'checksum': '40cb661a9298fb8e2d00286d6fc82653'}]",http://i.imgur.com/z3dBTZq.jpg,http://i.imgur.com/z3dBTZq.jpg,ITAP OF CREAM POURED INTO ICED COFFEEHIPSTERCHIPS
"[{'url': 'https://upload.wikimedia.org/wikipedia/commons/c/c8/Moscow_MetroCrowded_%28pixinn.net%29.jpg', 'path': 'full/ddb50a77a7b64be015cbc2c76c20c5313b8ad328.jpg', 'checksum': '2f83caac4b7a9eb4eeadb2c6254c217c'}]",https://upload.wikimedia.org/wikipedia/commons/c/c8/Moscow_MetroCrowded_%28pixinn.net%29.jpg,https://upload.wikimedia.org/wikipedia/commons/c/c8/Moscow_MetroCrowded_%28pixinn.net%29.jpg,THE CLASSIEST METRO STOP I'VE EVER SEEN (MOSCOW)KAYJAY734
,https://imgur.com/wewUTKX,https://imgur.com/wewUTKX,SUNSHINE AT J√ñKULS√ÅRL√ìNLUVOD
,http://imgur.com/jl19GAd,http://imgur.com/jl19GAd,"TODAY I BROUGHT HOME A NEW GARDEN SIGN. MY LAB, SHADOW, DID NOT DISAPPOINT.ARTOOD2"
,http://imgur.com/a/1lSg1,http://imgur.com/a/1lSg1,"FLOWERS AT THE NATIONAL ARBORETUM, WASHINGTON D.C.DIJKSTRASHORTESTPATH"
"[{'url': 'http://i.imgur.com/xsu4EZa.jpg', 'path': 'full/e23c0aab3b556812c6ffc5ef1c0e30a1077ff81b.jpg', 'checksum': '139116a1b2e105b539664b5207578f19'}]",http://i.imgur.com/xsu4EZa.jpg,http://i.imgur.com/xsu4EZa.jpg,WHERE'S WALDO?DEYESED
"[{'url': 'http://i.imgur.com/DJzmLOQ.jpg', 'path': 'full/37659da2ac64060a607778d62372ed1d3d03a699.jpg', 'checksum': 'aaddd77b5df00a6ab80eef908cb9d9bb'}]",http://i.imgur.com/DJzmLOQ.jpg,http://i.imgur.com/DJzmLOQ.jpg,THAT OVERHANGIAM4REAL
"[{'url': 'http://i.imgur.com/CKXX8TN.jpg', 'path': 'full/bb09253b03d64fbd943b4c2a3b60d7f021b441a0.jpg', 'checksum': '1e8ff80856e05b69f5d3733a246251c2'}]",http://i.imgur.com/CKXX8TN.jpg,http://i.imgur.com/CKXX8TN.jpg,SEASONSELIJAH_3
"[{'url': 'https://i.imgur.com/INvPMO1.jpg', 'path': 'full/7eb887d59ae01fb061012295b1768cab52340e54.jpg', 'checksum': '7697ef2fa24346cc93c96b1162600191'}]",https://i.imgur.com/INvPMO1.jpg,https://i.imgur.com/INvPMO1.jpg,"THIS IS WHAT THOUSANDS OF SOVIETS CALLING FOR THE RESIGNATION OF MIKHAIL GORBACHEV LOOKS LIKE, THIS IS WHAT A PROTEST THAT WORKS LOOKS LIKE_CONSTRUCTED_"
,http://imgur.com/gmtx9dE,http://imgur.com/gmtx9dE,THIS GORILLA LOOKS LIKE HE'S SICK OF PEOPLE TELLING HIM HOW HE LOOKS.UNICORNPELVIS
,https://imgur.com/JEThqqv,https://imgur.com/JEThqqv,THIS SANDWICH MATRESS HAS NO ICE CREAM.SITSONASS
,https://imgur.com/mpfXQ5C,https://imgur.com/mpfXQ5C,THE QUESTION WE'VE ALL BEEN ASKINGEELOBRIAN
,http://imgur.com/jCpAABY,http://imgur.com/jCpAABY,LAKE IN SLOVENIAOLIVE666
,https://imgur.com/gallery/Rt8qy,https://imgur.com/gallery/Rt8qy,NOSTALGIAC3POLLIE
,https://imgur.com/OfosrNv,https://imgur.com/OfosrNv,"WELL, THEY'RE NOT COMPLETELY WRONGIM_FABUIOUS"
"[{'url': 'http://i.imgur.com/BgzlVtq.jpg', 'path': 'full/650977494edf960cbdf952dc7a32096f5e008e2a.jpg', 'checksum': '00bf7fa7ff45e681aa1fa3e564e36b34'}]",http://i.imgur.com/BgzlVtq.jpg,http://i.imgur.com/BgzlVtq.jpg,I FLEW OVER MOMOTOMBO ON THE NORTHERN SHORE OF LAGO DE MANAGUA.KNOCKEMSTIFF
,https://www.flickr.com/photos/rfoxphoto/35494750996,https://www.flickr.com/photos/rfoxphoto/35494750996,"POURED WATERCOLOR OF OLD MILL NEAR RALEIGH, NCRFOX90"
,https://imgur.com/PrDXS2d,https://imgur.com/PrDXS2d,THE GOLDEN GATELUVOD
,https://imgur.com/zuMIkjD,https://imgur.com/zuMIkjD,NOT ABANDONED IN NORWAY...SNAPTALK
,http://imgur.com/1CxmJbe,http://imgur.com/1CxmJbe,K&J ON THE BEACHTHERACYONE
,http://imgur.com/a/Ev7CT,http://imgur.com/a/Ev7CT,A LETTER TO MY DOG: DEAR LAYLAKAFFEKALLE
,https://imgur.com/CTULeym,https://imgur.com/CTULeym,MY BUDDY UPVOTING HIS BOATING EXPERIENCE (X-POST FROM R/PERFECTTIMING)HYMIERULES
,https://imgur.com/a/asID5,https://imgur.com/a/asID5,THIS POSTER OF HAROLD ENJOYING A ROUND OF GOLFBATMAN_OG
,https://imgur.com/sn2riXI,https://imgur.com/sn2riXI,A TWO THOUSAND STRONG WALRUS HAUL OUT ON BRISTOL BAYRUCHELEH06
,http://imgur.com/K63Tc9g,http://imgur.com/K63Tc9g,THE BATHROOM SIGN AT VICTORY POINTE ARCADE ON THE SOUTHSIDE OF PITTSBURGHANUNCOMMONTRUTH
"[{'url': 'http://i.imgur.com/NGUXV9h.jpg', 'path': 'full/6a95c7242035c5280543aea742eb77d8c3d57c58.jpg', 'checksum': 'c8a244e29cb8fdf733fb72868c497195'}]",http://i.imgur.com/NGUXV9h.jpg,http://i.imgur.com/NGUXV9h.jpg,REDNECK PICNICLAZYPROGRAMMER12
,https://imgur.com/xq9QIqO,https://imgur.com/xq9QIqO,LONDON.SHOCKDERP_ZED
,https://imgur.com/gallery/Y7nkM,https://imgur.com/gallery/Y7nkM,STUCK THIS UP MY NOSE. STOPPED SNORING.THEBERT9
"[{'url': 'http://i.imgur.com/SBqEQcc.jpg', 'path': 'full/68361635a9a7a02df71ed9ef444d62f5d3511745.jpg', 'checksum': '8be6c11052b4917059c9c49535cc90f6'}]",http://i.imgur.com/SBqEQcc.jpg,http://i.imgur.com/SBqEQcc.jpg,"NUTELLA ""FILLED"" BREAD.MRDOUBLEQ"
"[{'url': 'http://www.1ohww.org/content/uploads/2014/03/doctor-depressed-tired.jpg', 'path': 'full/8ee364ba95b92bc13bd6d110fb799fdd3e8ae40a.jpg', 'checksum': 'c890b6f1f41159b29a965bcab764245d'}]",http://www.1ohww.org/content/uploads/2014/03/doctor-depressed-tired.jpg,http://www.1ohww.org/content/uploads/2014/03/doctor-depressed-tired.jpg,A TIRED GASTROENTEROLOGIST AFTER PERFORMING A 47 HOUR COLONOSCOPY.PAPERINAJARINWATER
"[{'url': 'http://i.imgur.com/TOmu6Mj.jpg', 'path': 'full/d85645c83160173a9c71d4da0dbb47a812ee9401.jpg', 'checksum': '36a8d6080e3bb710cda51929d265a08f'}]",http://i.imgur.com/TOmu6Mj.jpg,http://i.imgur.com/TOmu6Mj.jpg,COOL HANDLEMRIR
,http://imgur.com/J0pUSxN,http://imgur.com/J0pUSxN,HIT THE JACKPOT IN MY BAG OF GUMMI WORMSJORION
"[{'url': 'http://i.imgur.com/gc4qaNL.jpg', 'path': 'full/37021a65acd68446a664ecf87cab7edcd7ab996d.jpg', 'checksum': 'f887a8d2d17d5cc9b5e52fa9ebd34763'}]",http://i.imgur.com/gc4qaNL.jpg,http://i.imgur.com/gc4qaNL.jpg,I FOUND THIS OUTSIDE OF A CHIC-FIL-A (IN VIRGINIA)SIERRACADE
,http://imgur.com/a/F67bH,http://imgur.com/a/F67bH,"MY SON, PHOTOGRAPHED AT THE SAME TIME ON DIFFERENT DAYS THROUGHOUT THE YEARDEATHBYNUANCE"
"[{'url': 'http://i.imgur.com/mpsXmKD.jpg', 'path': 'full/30a6028b3a5b50bbf495b4db0e13d4b647b1853a.jpg', 'checksum': '531fc3c403426d391fbffde77df1ae94'}]",http://i.imgur.com/mpsXmKD.jpg,http://i.imgur.com/mpsXmKD.jpg,ONE WEIRD LOOKING HORSEDVFEX
"[{'url': 'https://i.imgur.com/CXHJ8m5.jpg', 'path': 'full/38caade28b806239e57f2f368897f4ae5610eae3.jpg', 'checksum': '0881f3e2d5751ead22cd3ea2cb55d380'}]",https://i.imgur.com/CXHJ8m5.jpg,https://i.imgur.com/CXHJ8m5.jpg,CARL SAGAN INSPIRED PINSDJLJ
"[{'url': 'http://i.imgur.com/ano8fKL.jpg', 'path': 'full/e15c9123a5ecdd3a7af0b23385b69d91e99fbcc7.jpg', 'checksum': '4b54bc42704306e1a9d822703c292afe'}]",http://i.imgur.com/ano8fKL.jpg,http://i.imgur.com/ano8fKL.jpg,A MOTH A CO-WORKER PICKED UP.ALATHAMNA
"[{'url': 'http://i.imgur.com/cuKkSs6.jpg', 'path': 'full/ac632b9100e738be150558d0a161f1d42e9c783e.jpg', 'checksum': 'a014dcf17c4ce347ea8b403abbd886b5'}]",http://i.imgur.com/cuKkSs6.jpg,http://i.imgur.com/cuKkSs6.jpg,"ELEPHANT, WHO WAS ABUSED FOR 50 YEARS AND LIVED IN CHAINS, IS FINALLY FREED BY WILDLIFE SOSTEAGOSSIPS"
"[{'url': 'http://i.imgur.com/3AF3LR4.jpg', 'path': 'full/4c1ca4292b4f943658c36139749585f977786c01.jpg', 'checksum': '4f958758a68a15775243ee2a9c07b7d4'}]",http://i.imgur.com/3AF3LR4.jpg,http://i.imgur.com/3AF3LR4.jpg,MET A NEW FRIEND ON THE BACK PORCH TONIGHT.BROKENMASTERPIECE
"[{'url': 'http://i.imgur.com/6tuNsqV.jpg', 'path': 'full/2fbe73b350c5f861df21a39708317cbe7e19bf70.jpg', 'checksum': '6dee03a9cded88378f5fc2c84ee8f238'}]",http://i.imgur.com/6tuNsqV.jpg,http://i.imgur.com/6tuNsqV.jpg,CUISINEGAY-FAGGOT
,https://imgur.com/lQJbTIN,https://imgur.com/lQJbTIN,I THINK MY WIFE CHEATED ON ME WITH VENOMPLZDONTBEME
,https://imgur.com/rXD2vit,https://imgur.com/rXD2vit,THE MOUNTAINS CAN MAKE YOU FEEL SMALLGRIFFINDOW
"[{'url': 'http://i.imgur.com/GvavXRAh.jpg', 'path': 'full/96958128acd88cfba4addb34ea39f913c7bfefa1.jpg', 'checksum': '0c06e7b127ad9a3ebb6a3a8121e7a343'}]",http://i.imgur.com/GvavXRAh.jpg,http://i.imgur.com/GvavXRAh.jpg,NEW MOBILE MARKETING STRATEGY FOR R/TREES IN OHIO...WHO_NEEDS_SECURITY
"[{'url': 'http://i.imgur.com/440TZHV.jpg', 'path': 'full/4056542436738620ff766f446382e14764ebaf75.jpg', 'checksum': 'e1765e3b86f972ebd1f411d4449d5f67'}]",http://i.imgur.com/440TZHV.jpg,http://i.imgur.com/440TZHV.jpg,"I'M NOT AN ELECTRICIAN OR ANYTHING , BUT I DON'T THINK THIS IS MEANT TO HAPPENCKY12QXZ"
,https://imgur.com/gallery/WE37b,https://imgur.com/gallery/WE37b,"SINCE ADOPTING A COUPLE STRAYS, THIS HAS BECOME MY LIFEJUNKINTHEHATCHBACK"
"[{'url': 'http://i.imgur.com/r5x1kbb.jpg', 'path': 'full/97001368ad43006af211f28012b7430ea95aa702.jpg', 'checksum': '1966879988e2964f145e26732eecc522'}]",http://i.imgur.com/r5x1kbb.jpg,http://i.imgur.com/r5x1kbb.jpg,THE MOTHS I FIND IN MY HOUSE AND WORKYOURMAMKA5
"[{'url': 'http://i.imgur.com/GVhzpjY.jpg', 'path': 'full/f821a89fdfc27e0f49e4328e2239222bcb12033d.jpg', 'checksum': '0cdba130b87942439304e354c5b5996e'}]",http://i.imgur.com/GVhzpjY.jpg,http://i.imgur.com/GVhzpjY.jpg,"AFTER THE TRUMP ADMINISTRATION BANNED CAMERAS AT WHITE HOUSE PRESS BRIEFINGS, CNN HAD TO SEND A COURTROOM SKETCH ARTIST INSTEADPMAN5595"
"[{'url': 'http://i.imgur.com/RrcKq1s.jpg', 'path': 'full/5ef4d5eb3ccf60161e10604f1206262f981375e5.jpg', 'checksum': 'a0e27a11d98aade37a67801bb98b53de'}]",http://i.imgur.com/RrcKq1s.jpg,http://i.imgur.com/RrcKq1s.jpg,THE SINKING HOUSES OF SANFRANCISCO.(OC)LOUD-MIRE
"[{'url': 'http://i.imgur.com/MkOT2vV.jpg', 'path': 'full/a1f61706c9cf87a2e0f23a3c67ab8f9e68cc6721.jpg', 'checksum': 'c74ee17fe9639a7d76a0c994402c6d3b'}]",http://i.imgur.com/MkOT2vV.jpg,http://i.imgur.com/MkOT2vV.jpg,MY NEIGHBOR'S STEER PEEKING THROUGH THE BRUSHMR_JACINTO
,http://imgur.com/6Ds510k,http://imgur.com/6Ds510k,SOME FUN KNIFE WORK WITH A PINEAPPLEXXDROZXX
,https://imgur.com/oq6XU8i,https://imgur.com/oq6XU8i,"FIRST TIME I'VE SEEN A REPOST GO 1,2 ON FRONTPAGENANOH2O"
,http://imgur.com/BSzU7Ut,http://imgur.com/BSzU7Ut,MY CAT MATCHES THE PHONEILCASDY
,http://imgur.com/gallery/KLGaJ,http://imgur.com/gallery/KLGaJ,"""LEAVE THE PAIN BEHIND AND LET YOUR LIFE BE YOUR OWN AGAIN. THERE IS A PLACE WHERE ALL TIME IS NOW, AND THE CHOICES ARE SIMPLE AND ALWAYS YOUR OWN. WOLVES HAVE NO KINGS. ""DEMIGUISE92"
"[{'url': 'http://i.imgur.com/PogST23.jpg', 'path': 'full/076239a4e0b9a20deb7ae4e26d8bbe954b8800cd.jpg', 'checksum': '230d8b486c6b79b9625373edfa54fd2c'}]",http://i.imgur.com/PogST23.jpg,http://i.imgur.com/PogST23.jpg,GREEN CHEEK CONURE IN THE SUNDCOKEMD
,http://imgur.com/gallery/XdDUPP8,http://imgur.com/gallery/XdDUPP8,THE MARSHMALLOWS KEPT MELTING OFF MY STICK BEFORE THEY WERE READY. THIS WAS MY SOLUTION.JN_DAVENPORT
,https://imgur.com/trmaxMM,https://imgur.com/trmaxMM,OUR PUPPY SLEPT OUTSIDE FOR THE FIRST TIME LAST NIGHT.SUNKENDRAILOR
,http://imgur.com/Q2wl8wj,http://imgur.com/Q2wl8wj,BROUGHT MY DAD SOME FROGS FOR HIS GARDEN AS A LATE FATHER'S DAY GIFT.TUGBOATENG
"[{'url': 'http://i.imgur.com/bljxuAA.jpg', 'path': 'full/af44efe734abb1a7edbbe041bc60d9cbfbbd5a7c.jpg', 'checksum': 'aa32393fb23e6ac36dd2e5d2b0564e1e'}]",http://i.imgur.com/bljxuAA.jpg,http://i.imgur.com/bljxuAA.jpg,"HAVING A BARBECUE, WHEN AN UNINVITED GUEST CAME FLYING UP THE DRIVE.POCKALEELEE"
,https://imgur.com/yXQnQ1o,https://imgur.com/yXQnQ1o,AN OUTDATED BOX FOUND AT WAL-MART ON CLEARANCE IN A SMALL TOWN.AQUABOYH20
,https://imgur.com/a/V0zj1,https://imgur.com/a/V0zj1,WAS TAKING A PICTURE OF A SUNSET AND MY BUDDY HOPPED IN FRAME AND STRUCK A POSEMISTERGIANTACORN
,https://imgur.com/gallery/RvXR2,https://imgur.com/gallery/RvXR2,MY ROOMMATES WENT OUT OF TOWN FOR THE WEEKEND AND I ACHIEVED A LIFELONG DREAM.ALSO_THETHUMBTHING
"[{'url': 'https://i.imgur.com/DUqxwpE_d.jpg?maxwidth=640&shape=thumb&fidelity=high', 'path': 'full/8449826a797863b64eaec5e50e6b64f78ad5d5cf.jpg', 'checksum': 'b653aa8600a90e8ecbf4463b80516c40'}]",https://i.imgur.com/DUqxwpE_d.jpg?maxwidth=640&shape=thumb&fidelity=high,https://i.imgur.com/DUqxwpE_d.jpg?maxwidth=640&shape=thumb&fidelity=high,REALLY HAPPY WITH MY $12 THRIFT STORE FINDWOWBOBWOW
,https://imgur.com/uwudpkM,https://imgur.com/uwudpkM,"JUST MOVED, THIS IS MY NEW BACKYARD VIEWHARBINGERME2"
,https://imgur.com/Rmu7aIi,https://imgur.com/Rmu7aIi,NYPD MARCHING BAND. NYC GAY PRIDE PARADE 2017CRAZYOTTO87
"[{'url': 'http://i.imgur.com/xMU2gsH.jpg', 'path': 'full/9daae39c83b8a64684738539fdf440abccba4b71.jpg', 'checksum': '350d88ebdf9731b2b77b06acc2c0efec'}]",http://i.imgur.com/xMU2gsH.jpg,http://i.imgur.com/xMU2gsH.jpg,HOUSE OF SODIAM4REAL
,http://imgur.com/WR8b12K,http://imgur.com/WR8b12K,THE UMBRELLA PROJECT IN LIVERPOOL HELPING TO RAISE AWARENESS OF ADHDSKIE
"[{'url': 'http://static.snopes.com/app/uploads/2013/06/pregnant.jpg', 'path': 'full/ae33c0a2d88461d3e0bb3041d5e583eeb536292e.jpg', 'checksum': 'cfb48fbf973e4c74a10b8a5feb8e198d'}]",http://static.snopes.com/app/uploads/2013/06/pregnant.jpg,http://static.snopes.com/app/uploads/2013/06/pregnant.jpg,"MELISSA WILLIAMSON, 35, WORRIES ABOUT THE SOUND OF JACKHAMMERS ON HER UNBORN CHILDNOTINFERNO"
"[{'url': 'http://i.imgur.com/eotL3vR.jpg', 'path': 'full/41faa3dd98d3d8176bc8657f5e3643d99f40e5f7.jpg', 'checksum': 'e88d7727e50f41ba63c0f9e806c5bac8'}]",http://i.imgur.com/eotL3vR.jpg,http://i.imgur.com/eotL3vR.jpg,THE STUNNING LUSH AND MOUNTAINOUS LANDSCAPE OF REPUBLIKA SRPSKA: THE ZELENGORA MOUNTAINSTVRTKOIKRALJSRBLJEM
,http://imgur.com/YRkmM3c,http://imgur.com/YRkmM3c,THIS GORILLA LOOKS LIKE MY DAD AFTER I STICK MY FINGER IN MY BUTT AND LICK ITBOBODDYVAPE
,http://imgur.com/a/BAmpO,http://imgur.com/a/BAmpO,IS IT WEIRD TO SEE A HISPANIC HEALTH SECTION AT A STORE?YURBUD
,https://imgur.com/fa97LSl,https://imgur.com/fa97LSl,BOWLING ALLEY DICKOR...SECRET_AGENTORANGE
"[{'url': 'http://i.imgur.com/QROT6fz.jpg', 'path': 'full/d28abcba6fef625bf0bc0659e493252ea5b60aac.jpg', 'checksum': '99e4602479611d9aad95e7eee72174f7'}]",http://i.imgur.com/QROT6fz.jpg,http://i.imgur.com/QROT6fz.jpg,MY LIGHT & AIRY BATTLESTATION.CONBORD
,https://imgur.com/nvK1MjV,https://imgur.com/nvK1MjV,MEANWHILE SOMEWHERE IN THE MALL.SDO17YO
,https://www.flickr.com/photos/126471621@N05/35389241441/in/dateposted-public/,https://www.flickr.com/photos/126471621@N05/35389241441/in/dateposted-public/,"WORLD CUP FOR DINNER. BRUSSELS, JUNE 2014.PILAST"
"[{'url': 'http://i.imgur.com/WStWnwT.jpg', 'path': 'full/78eb375516a1162651fd8984f72d59ba24264e71.jpg', 'checksum': 'f150e2efc52b2dcaf3fa46da748ee71c'}]",http://i.imgur.com/WStWnwT.jpg,http://i.imgur.com/WStWnwT.jpg,PLAY BY YOUR OWN RULESJIVEMONKEY
,http://imgur.com/dTfKk8C.jpg,http://imgur.com/dTfKk8C.jpg,THE ONLY ACCEPTABLE DOG SELFIEGALLOWBOOB
"[{'url': 'http://i.imgur.com/pnoc81E.jpg', 'path': 'full/db348ee95daff372c59cf1cf27c540bb1c6414cb.jpg', 'checksum': 'c171fe6a3ff018e83e6e5970933ba20f'}]",http://i.imgur.com/pnoc81E.jpg,http://i.imgur.com/pnoc81E.jpg,TOUCAN GETS A PROSTHETIC BEAKYOSOYUNPAYASO
"[{'url': 'http://i.imgur.com/QJUcc5Y.png', 'path': 'full/364f7725c599ec4b3561131d98b624108717adb3.jpg', 'checksum': '5d8566f05805ac8fea082f5bd66678c0'}]",http://i.imgur.com/QJUcc5Y.png,http://i.imgur.com/QJUcc5Y.png,WAITING FOR THE TRAIN - LONG EXPOSURE? NOT REALLY (*)PELLA86
,http://imgur.com/cwfT7gD,http://imgur.com/cwfT7gD,SOMETHING DOESN'T APPROVE OF MY BROWSING CHOICESGRUMPYOIK
,http://imgur.com/a/4hVjz,http://imgur.com/a/4hVjz,COLGATE CLOCKDIARYOFACAMERA
,http://imgur.com/iR9rZHj,http://imgur.com/iR9rZHj,"THE ""I WORK HERE SO I CAN PARK HOWEVER I LIKE AND PLUS MY CAR IS MORE IMPORTANT THAN YOURS"" TITLE. AND THIS HAPPENS EVERY SINGLE TIME.NOCTIS07"
,http://imgur.com/abFGKJz,http://imgur.com/abFGKJz,APOCALYPTIC SKYXELLZZ
"[{'url': 'http://i.imgur.com/scMu8AI.jpg', 'path': 'full/1efc2888f3527e7f121b59b5a924918a8b84ebe4.jpg', 'checksum': '734fd67198e98b51ac59411caab3fa93'}]",http://i.imgur.com/scMu8AI.jpg,http://i.imgur.com/scMu8AI.jpg,"""BIG TREES"" PARK IN THE SIERRA MOUNTAINS CA_-ZED-_"
"[{'url': 'https://static.seattletimes.com/wp-content/uploads/2017/06/cedfd60850e247128e5760e12fcb4314-1334x884.jpg', 'path': 'full/9c218721eae28da825f3cf1b55076392500512a6.jpg', 'checksum': '40479d180b4104bf3b685effe02b2dae'}]",https://static.seattletimes.com/wp-content/uploads/2017/06/cedfd60850e247128e5760e12fcb4314-1334x884.jpg,https://static.seattletimes.com/wp-content/uploads/2017/06/cedfd60850e247128e5760e12fcb4314-1334x884.jpg,"""RESCUE WORKERS SEARCH FOR VICTIMS OF A [MASSIVE] LANDSLIDE IN XINMO VILLAGE IN MAOXIAN COUNTY IN SOUTHWESTERN CHINA'S SICHUAN PROVINCE, SUNDAY, JUNE 25, 2017."" PHOTO CREDIT: NG HAN GUAN / AP PHOTOTROT-TROT"
,http://imgur.com/WFMEA98,http://imgur.com/WFMEA98,SEEN IN FAYETTVILLE NCSABBYTH
,https://imgur.com/Fk5lNfv,https://imgur.com/Fk5lNfv,CLOUDS PARTING OVER THE ADIRONDACKS (SOUTH DIX)BIBSMOJO
"[{'url': 'http://i.imgur.com/RjPSdli.jpg', 'path': 'full/ac0b2460bdfcbdb7d5305deecbd19fb4b64bc8df.jpg', 'checksum': '141100fe4ba7d51548b7b02e666fec60'}]",http://i.imgur.com/RjPSdli.jpg,http://i.imgur.com/RjPSdli.jpg,SUNSET DROP ON SEAPORT [4288*2848]BANGLADESHSUNNY
"[{'url': 'http://i.imgur.com/fcMKxHE.jpg', 'path': 'full/fba9bb3c3f558ab6cbe04ba0e617a058f7b3a17f.jpg', 'checksum': '660391805aee0e406500c5e8cf939b71'}]",http://i.imgur.com/fcMKxHE.jpg,http://i.imgur.com/fcMKxHE.jpg,CUTEST SPIDERLIARANDATHIEF
,https://imgur.com/QGAvSEC,https://imgur.com/QGAvSEC,DE TREE DAGSDAGDAD
,http://imgur.com/a/bdUSn,http://imgur.com/a/bdUSn,"ABANDONED MENTAL HOSPITAL IN KRAMFORS, SWEDENMICRONUTELLA"
"[{'url': 'http://i.imgur.com/XkC2ZxO.jpg?2', 'path': 'full/dc10a0a50de366ee040f3e65ea30f53a06c23627.jpg', 'checksum': 'b5a04fdae508e052b12773eecdc89b97'}]",http://i.imgur.com/XkC2ZxO.jpg?2,http://i.imgur.com/XkC2ZxO.jpg?2,PAINTED A LADYBUGJOSHBYER
"[{'url': 'http://i.imgur.com/59IbQ91.jpg', 'path': 'full/e607ae02aa6c5348ba688250b0121098afc7997c.jpg', 'checksum': 'd71c86b4f3f41cfd5410d4bd18c7a833'}]",http://i.imgur.com/59IbQ91.jpg,http://i.imgur.com/59IbQ91.jpg,I PLAYED ON THE SAME POOL TABLE ALL THE WAY THROUGH COLLEGE. WHEN I GRADUATED I SOLD IT TO A FRIEND. AFTER 15 YEARS I BOUGHT IT BACK AND HAD IT DELIVERED.SIVABLUE
"[{'url': 'http://i.imgur.com/n5PgSMo.jpg', 'path': 'full/c255a0b91485e13e14692801b0557d3de000e2d5.jpg', 'checksum': 'e0553d170b500d9af5b90c678f2d43f7'}]",http://i.imgur.com/n5PgSMo.jpg,http://i.imgur.com/n5PgSMo.jpg,SUPER BLOOD MOON TOTAL ECLIPSE IN MARYLANDPATTINSEN
"[{'url': 'http://i.imgur.com/D7V8VqE.jpg', 'path': 'full/2e2867fc5932d0a1c7c95e1b7eb28c199fb5d5a3.jpg', 'checksum': '3c6d3e7445ad93d055e20808b4faecf2'}]",http://i.imgur.com/D7V8VqE.jpg,http://i.imgur.com/D7V8VqE.jpg,"I TOOK THIS PICTURE OF THE STEP WELL IN HAMPI, SOUTH INDIAGHATROAD"
"[{'url': 'http://i.imgur.com/r5x1kbb.jpg', 'path': 'full/97001368ad43006af211f28012b7430ea95aa702.jpg', 'checksum': '1966879988e2964f145e26732eecc522'}]",http://i.imgur.com/r5x1kbb.jpg,http://i.imgur.com/r5x1kbb.jpg,WHERE ARE MY BEAUTIFUL MOTHS :(YOURMAMKA5
,https://imgur.com/4b1As2Q,https://imgur.com/4b1As2Q,WIFE WAS GOING THROUGH OLD PAPERWORK... FEEL SO OLD.JUMPY_VAGINA_EATER
"[{'url': 'http://i.imgur.com/IU3QRdd.jpg', 'path': 'full/77905c321abdabdc18d6cf53ba4939c773493cc8.jpg', 'checksum': 'ed32ccdb1712015357a813f8c623f1cb'}]",http://i.imgur.com/IU3QRdd.jpg,http://i.imgur.com/IU3QRdd.jpg,THIS BOOK WAS PLACED IN FICTIONNAVID_AHMED
,https://imgflip.com/i/1ri2yl,https://imgflip.com/i/1ri2yl,THE STATUTE IN THE TOWN SQUARE OF EASTON (SORRY FOR CRAPPY QUALITYFLESH_FOR_SALE
"[{'url': 'http://i.imgur.com/nbaWRHF.jpg', 'path': 'full/da098555c3aba351ebca800a0ee630721e48b661.jpg', 'checksum': '094fbe676d258757b7f973b0381242c0'}]",http://i.imgur.com/nbaWRHF.jpg,http://i.imgur.com/nbaWRHF.jpg,A COLLECTION OF SUNSETS TAKEN FROM MY APARTMENT BALCONY.THECRAFTUNION
,https://imgur.com/u5y5d4B,https://imgur.com/u5y5d4B,I DIG THIS GIRL'S SHIRTPIVEC
,http://imgur.com/a/77F4J,http://imgur.com/a/77F4J,CAT IN THE HATDMPUCKY
"[{'url': 'http://i.imgur.com/cLJo2OH.jpg', 'path': 'full/fcedee7a02ff730ef60fbbd19d0c02f4c34ab94d.jpg', 'checksum': '38f729f9fa58f7c4b83085b6e3c503e9'}]",http://i.imgur.com/cLJo2OH.jpg,http://i.imgur.com/cLJo2OH.jpg,WELL FUCK...MAKDATTY
,https://imgur.com/1AbeabN,https://imgur.com/1AbeabN,ROOM WITH A VIEW.10000LINES
,https://imgur.com/Vwrj34A,https://imgur.com/Vwrj34A,RYAN SANDES WINS WESTERN STATES 100TONEJONES
,http://imgur.com/bfZeSb4,http://imgur.com/bfZeSb4,THIS MANEQUIN HAS MORE FRIENDS THAN I DORAREBEARDEDASIAN
